first_name,last_name,national_number,birthdate,age,gender,age_category,company,full_name
Alain,Guillou,88.04.24-740.28,1988-04-24,35,Female,18-41,Lesage sa,Alain Guillou
Alexandrie,Lemaître,47.04.09-703.36,1947-04-09,76,Male,46-112,Martinez,Alexandrie Lemaître
Andrée,Fouquet,65.07.20-978.82,1965-07-20,58,Female,46-112,Leger sarl,Andrée Fouquet
Louis,Raynaud,55.07.19-953.72,1955-07-19,68,Male,46-112,Langlois bousquet sarl,Louis Raynaud
Dominique,Prévost,93.11.23-302.63,1993-11-23,30,Female,18-41,Maury,Dominique Prévost
Robert,Hoareau,84.02.09-633.72,1984-02-09,40,Male,18-41,Marchand navarro s a r l,Robert Hoareau
Xavier,Fleury,47.08.22-127.97,1947-08-22,76,Male,46-112,Fouquet s a s,Xavier Fleury
Anouk,Besson,90.01.18-082.12,1990-01-18,34,Female,18-41,Imbert,Anouk Besson
Michèle,Bouvier,98.11.22-103.88,1998-11-22,25,Male,18-41,Dupuis sa,Michèle Bouvier
Victoire,Delorme,67.01.26-411.75,1967-01-26,57,Male,46-112,Bailly,Victoire Delorme
Matthieu,Grégoire,72.01.29-293.86,1972-01-29,52,Male,46-112,Rey laine sarl,Matthieu Grégoire
Émile,Guérin,78.08.21-423.39,1978-08-21,45,Male,42-45,Carre sa,Émile Guérin
Josette,Bonneau,79.03.06-555.59,1979-03-06,44,Male,42-45,Maury philippe sarl,Josette Bonneau
Yves,Laurent,49.07.23-795.36,1949-07-23,74,Male,46-112,Lombard mary s a r l,Yves Laurent
Gilles,Delmas,82.10.19-127.10,1982-10-19,41,Male,18-41,Gaillard,Gilles Delmas
Alexandrie,Bouvet,67.12.03-598.84,1967-12-03,56,Female,46-112,Hardy,Alexandrie Bouvet
Martin,Mallet,52.11.29-614.55,1952-11-29,71,Female,46-112,Bousquet sarl,Martin Mallet
Agnès,Hamon,72.12.08-353.78,1972-12-08,51,Male,46-112,Hernandez,Agnès Hamon
Patrick,Jacob,50.12.31-425.48,1950-12-31,73,Male,46-112,Laurent s a s,Patrick Jacob
Jules,Gaillard,58.09.30-424.78,1958-09-30,65,Female,46-112,Herve sa,Jules Gaillard
Édith,Morel,55.11.29-643.03,1955-11-29,68,Male,46-112,Guilbert fernandes sa,Édith Morel
Philippe,Martel,60.03.28-228.36,1960-03-28,63,Female,46-112,Ferreira,Philippe Martel
Margaret,Rousset,79.01.09-207.19,1979-01-09,45,Male,42-45,Leger,Margaret Rousset
Camille,Costa,46.09.23-754.16,1946-09-23,77,Female,46-112,Ferreira,Camille Costa
Olivier,Leconte,98.08.02-936.06,1998-08-02,25,Female,18-41,Guillaume,Olivier Leconte
Véronique,Garcia,65.01.26-829.42,1965-01-26,59,Male,46-112,Cohen s a,Véronique Garcia
Lucas,Maury,54.12.07-891.01,1954-12-07,69,Male,46-112,Barbier,Lucas Maury
Thibaut,Rousseau,87.04.17-834.89,1987-04-17,36,Female,18-41,Maurice,Thibaut Rousseau
Aimé,Perret,94.04.12-319.43,1994-04-12,29,Male,18-41,Vasseur,Aimé Perret
Geneviève,Grenier,47.01.12-933.62,1947-01-12,77,Male,46-112,Lebreton,Geneviève Grenier
Véronique,Royer,49.05.05-976.83,1949-05-05,74,Female,46-112,Perrot,Véronique Royer
Camille,Lebon,55.04.08-672.01,1955-04-08,68,Female,46-112,Perez,Camille Lebon
Constance,Gillet,50.01.14-331.86,1950-01-14,74,Male,46-112,Laine,Constance Gillet
Capucine,Julien,90.03.09-332.95,1990-03-09,33,Female,18-41,Gosselin,Capucine Julien
Aimée,Germain,52.03.28-250.83,1952-03-28,71,Female,46-112,Leclercq lacombe s a,Aimée Germain
Jacques,Schneider,66.08.26-462.64,1966-08-26,57,Female,46-112,Martel,Jacques Schneider
Chantal,François,64.11.06-327.99,1964-11-06,59,Male,46-112,Langlois,Chantal François
Matthieu,Joubert,76.06.29-614.23,1976-06-29,47,Female,46-112,Boulanger merle sa,Matthieu Joubert
Thibault,Guyon,64.12.09-907.63,1964-12-09,59,Male,46-112,Lesage et fils,Thibault Guyon
Océane,Bertrand,86.10.24-417.53,1986-10-24,37,Male,18-41,Guilbert et fils,Océane Bertrand
Pierre,Pascal,68.03.20-341.20,1968-03-20,55,Male,46-112,Ferreira,Pierre Pascal
Danielle,Delorme,73.03.19-332.79,1973-03-19,50,Female,46-112,Lopez,Danielle Delorme
Alain,Fernandez,89.11.03-389.11,1989-11-03,34,Male,18-41,Leroux,Alain Fernandez
Emmanuelle,Dufour,57.10.21-776.21,1957-10-21,66,Female,46-112,Philippe et fils,Emmanuelle Dufour
Marianne,Bouchet,67.09.05-944.65,1967-09-05,56,Female,46-112,Mace,Marianne Bouchet
Olivie,Bailly,82.12.04-897.50,1982-12-04,41,Male,18-41,Roche teixeira s a s,Olivie Bailly
Olivie,Fleury,50.11.05-914.21,1950-11-05,73,Female,46-112,Imbert leveque s a r l,Olivie Fleury
Élisabeth,Valentin,51.06.20-477.49,1951-06-20,72,Male,46-112,Vallet,Élisabeth Valentin
Renée,Thibault,47.02.21-555.30,1947-02-21,77,Male,46-112,Bouvet garnier s a,Renée Thibault
Margaud,Berthelot,91.07.16-616.06,1991-07-16,32,Female,18-41,Teixeira s a r l,Margaud Berthelot
Nicole,Gros,48.09.21-694.21,1948-09-21,75,Female,46-112,Giraud,Nicole Gros
Lorraine,Gomes,87.06.27-586.63,1987-06-27,36,Female,18-41,Bouvier,Lorraine Gomes
Adèle,Ferreira,70.04.02-583.12,1970-04-02,53,Male,46-112,Aubert,Adèle Ferreira
Céline,Thibault,77.12.02-963.19,1977-12-02,46,Male,42-45,Gaillard,Céline Thibault
Sylvie,Chartier,82.01.06-765.01,1982-01-06,42,Male,18-41,Bonnet,Sylvie Chartier
Agathe,Legros,73.12.13-063.68,1973-12-13,50,Male,46-112,Rey,Agathe Legros
Alexandrie,Guilbert,60.12.21-724.18,1960-12-21,63,Female,46-112,Bourdon,Alexandrie Guilbert
Bertrand,Imbert,91.01.05-679.85,1991-01-05,33,Male,18-41,Teixeira,Bertrand Imbert
Auguste,De Oliveira,73.07.06-212.37,1973-07-06,50,Female,46-112,Laine,Auguste De Oliveira
Michelle,Cohen,51.07.31-494.77,1951-07-31,72,Female,46-112,Perrier,Michelle Cohen
Daniel,Michaud,96.03.23-584.37,1996-03-23,27,Female,18-41,Cousin,Daniel Michaud
François,Teixeira,72.08.25-670.13,1972-08-25,51,Female,46-112,Durand s a,François Teixeira
Emmanuel,Payet,81.04.23-265.86,1981-04-23,42,Male,18-41,Grenier s a,Emmanuel Payet
Maggie,Pascal,76.03.06-582.96,1976-03-06,47,Female,46-112,Denis,Maggie Pascal
Aurélie,Grenier,47.06.08-467.09,1947-06-08,76,Male,46-112,Delmas,Aurélie Grenier
Christiane,Devaux,56.01.23-735.09,1956-01-23,68,Male,46-112,Lefebvre camus sa,Christiane Devaux
Laurence,Lacroix,61.11.14-028.26,1961-11-14,62,Female,46-112,Carpentier,Laurence Lacroix
Joseph,Meyer,72.10.14-899.69,1972-10-14,51,Male,46-112,Lacroix sa,Joseph Meyer
Roger,Denis,85.07.05-790.76,1985-07-05,38,Female,18-41,Coulon martin s a s,Roger Denis
Claude,Besson,87.01.17-601.24,1987-01-17,37,Male,18-41,Leveque s a s,Claude Besson
Alix,Adam,89.07.20-032.04,1989-07-20,34,Female,18-41,Guyon,Alix Adam
Michelle,Allard,76.11.24-229.01,1976-11-24,47,Male,46-112,Olivier,Michelle Allard
Maurice,Gautier,84.09.13-872.39,1984-09-13,39,Female,18-41,Chartier,Maurice Gautier
Nath,Maillet,71.05.19-794.10,1971-05-19,52,Female,46-112,Ollivier,Nath Maillet
Dorothée,Giraud,71.09.11-110.02,1971-09-11,52,Female,46-112,Royer collin s a,Dorothée Giraud
Alain,Fabre,93.03.25-092.83,1993-03-25,30,Female,18-41,Boutin,Alain Fabre
Laetitia,Pineau,80.08.19-142.74,1980-08-19,43,Female,42-45,Jacquot s a r l,Laetitia Pineau
Gabriel,Lévy,75.11.08-095.60,1975-11-08,48,Male,46-112,Bernard,Gabriel Lévy
Agnès,Thomas,50.02.05-702.94,1950-02-05,74,Female,46-112,Chevalier s a s,Agnès Thomas
Victoire,Clerc,93.12.17-023.49,1993-12-17,30,Male,18-41,De oliveira,Victoire Clerc
Margaux,Courtois,97.09.10-726.94,1997-09-10,26,Female,18-41,Blin michaud s a,Margaux Courtois
Michel,Martinez,60.02.02-883.37,1960-02-02,64,Male,46-112,Neveu coulon sa,Michel Martinez
Susan,Lamy,84.01.14-636.89,1984-01-14,40,Female,18-41,Lebon,Susan Lamy
Christelle,Pascal,83.02.23-214.18,1983-02-23,41,Female,18-41,Martineau,Christelle Pascal
Timothée,Neveu,93.07.17-119.86,1993-07-17,30,Male,18-41,Blanchet didier s a s,Timothée Neveu
Frédérique,Rodriguez,96.07.30-032.13,1996-07-30,27,Female,18-41,Joseph et fils,Frédérique Rodriguez
Victoire,Duval,49.05.23-197.61,1949-05-23,74,Male,46-112,Bousquet et fils,Victoire Duval
Anne,Georges,66.10.25-430.12,1966-10-25,57,Female,46-112,Clerc,Anne Georges
Roger,Lefèvre,96.05.02-088.53,1996-05-02,27,Female,18-41,Da silva renaud s a,Roger Lefèvre
Aimée,Delmas,76.01.13-878.73,1976-01-13,48,Female,46-112,Baudry,Aimée Delmas
Émile,Breton,50.08.07-522.02,1950-08-07,73,Female,46-112,Guilbert s a,Émile Breton
Gérard,Roche,65.06.03-009.49,1965-06-03,58,Male,46-112,Humbert,Gérard Roche
Susanne,Evrard,78.10.16-254.06,1978-10-16,45,Female,42-45,Chevallier caron s a s,Susanne Evrard
Luc,Barbier,82.12.25-434.40,1982-12-25,41,Female,18-41,Bernard maillard s a,Luc Barbier
Océane,Samson,91.11.16-491.56,1991-11-16,32,Male,18-41,Payet,Océane Samson
Rémy,Meyer,70.08.01-149.22,1970-08-01,53,Male,46-112,Guibert,Rémy Meyer
Jeannine,Lebreton,75.06.10-270.16,1975-06-10,48,Female,46-112,Goncalves rey sarl,Jeannine Lebreton
Bernard,Reynaud,82.08.15-333.83,1982-08-15,41,Male,18-41,Lesage et fils,Bernard Reynaud
David,Poirier,69.04.10-051.35,1969-04-10,54,Male,46-112,Legrand s a,David Poirier
Gabrielle,Brunel,62.08.09-385.99,1962-08-09,61,Male,46-112,Hamel toussaint s a s,Gabrielle Brunel
Adèle,Bonnet,46.11.06-542.69,1946-11-06,77,Female,46-112,Legendre et fils,Adèle Bonnet
Victoire,Peltier,66.02.03-827.70,1966-02-03,58,Male,46-112,Millet,Victoire Peltier
Léon,Lesage,49.05.20-117.43,1949-05-20,74,Male,46-112,Leger sarl,Léon Lesage
Caroline,Colas,92.11.14-897.47,1992-11-14,31,Male,18-41,Morel s a s,Caroline Colas
Philippe,Sauvage,79.11.12-459.36,1979-11-12,44,Male,42-45,Perrier sa,Philippe Sauvage
Paulette,Marchand,75.06.19-791.39,1975-06-19,48,Male,46-112,Lefort,Paulette Marchand
Stéphanie,Perrot,52.03.31-527.48,1952-03-31,71,Male,46-112,Le goff hamel et fils,Stéphanie Perrot
Inès,Bazin,82.06.03-717.96,1982-06-03,41,Male,18-41,Leroux,Inès Bazin
Yves,Gimenez,73.05.14-106.95,1973-05-14,50,Female,46-112,Chartier,Yves Gimenez
Julien,Grégoire,55.02.20-019.19,1955-02-20,69,Male,46-112,Martin david sarl,Julien Grégoire
David,Gaillard,71.11.19-181.77,1971-11-19,52,Male,46-112,Merle s a r l,David Gaillard
Alex,Lelièvre,97.04.01-236.14,1997-04-01,26,Female,18-41,Mary et fils,Alex Lelièvre
André,Delmas,49.07.24-137.64,1949-07-24,74,Male,46-112,Dijoux sa,André Delmas
Thibault,Mace,86.05.23-538.65,1986-05-23,37,Female,18-41,Pelletier,Thibault Mace
Stéphanie,Léger,50.10.26-885.52,1950-10-26,73,Male,46-112,Cordier lefebvre s a r l,Stéphanie Léger
Alexandrie,Martins,61.10.18-428.06,1961-10-18,62,Female,46-112,Dos santos,Alexandrie Martins
Aimée,Mace,56.09.01-696.30,1956-09-01,67,Female,46-112,Dos santos,Aimée Mace
Xavier,Bouchet,62.05.16-151.06,1962-05-16,61,Male,46-112,Briand,Xavier Bouchet
Sylvie,Le Roux,86.01.06-016.44,1986-01-06,38,Female,18-41,Roche,Sylvie Le Roux
Pauline,Da Costa,98.11.03-601.18,1998-11-03,25,Male,18-41,Texier,Pauline Da Costa
Michelle,Navarro,46.03.28-742.92,1946-03-28,77,Female,46-112,Voisin baron s a s,Michelle Navarro
Adèle,Leconte,73.05.11-563.84,1973-05-11,50,Male,46-112,Pottier,Adèle Leconte
Françoise,Besson,94.01.22-398.43,1994-01-22,30,Female,18-41,Jacques,Françoise Besson
Constance,Gilbert,49.11.08-520.40,1949-11-08,74,Female,46-112,Colin,Constance Gilbert
Laurence,Gallet,51.01.23-698.98,1951-01-23,73,Female,46-112,Marchand,Laurence Gallet
Marianne,Hamel,47.09.24-464.93,1947-09-24,76,Female,46-112,Gerard charpentier sarl,Marianne Hamel
Benjamin,Delorme,82.11.05-981.10,1982-11-05,41,Male,18-41,Carpentier jacob s a s,Benjamin Delorme
Caroline,Lesage,59.03.04-033.77,1959-03-04,64,Male,46-112,Poulain s a s,Caroline Lesage
Patrick,Gay,51.04.23-533.83,1951-04-23,72,Male,46-112,Gonzalez,Patrick Gay
Édouard,De Sousa,48.06.15-965.15,1948-06-15,75,Male,46-112,Alexandre,Édouard De Sousa
Sophie,Perrin,67.07.08-745.24,1967-07-08,56,Male,46-112,Gaillard sa,Sophie Perrin
Marianne,Clerc,47.01.29-145.03,1947-01-29,77,Male,46-112,Bernard sa,Marianne Clerc
Hortense,Lebreton,69.04.15-144.85,1969-04-15,54,Female,46-112,Duval,Hortense Lebreton
Colette,Auger,94.05.18-340.77,1994-05-18,29,Female,18-41,Auger,Colette Auger
Charlotte,Chauvin,87.01.08-165.20,1987-01-08,37,Male,18-41,Letellier sarl,Charlotte Chauvin
Jean,Carpentier,95.02.08-116.12,1995-02-08,29,Female,18-41,Gros,Jean Carpentier
Chantal,Bourdon,92.09.04-371.39,1992-09-04,31,Male,18-41,Albert,Chantal Bourdon
Pauline,Andre,72.01.07-780.37,1972-01-07,52,Female,46-112,Gaillard,Pauline Andre
Luc,Diaz,91.10.20-546.07,1991-10-20,32,Female,18-41,Barre sarl,Luc Diaz
Alice,Sanchez,69.07.25-906.45,1969-07-25,54,Female,46-112,Gimenez sarl,Alice Sanchez
Véronique,Vallée,59.04.12-893.52,1959-04-12,64,Male,46-112,Foucher,Véronique Vallée
Margot,Becker,64.12.19-870.57,1964-12-19,59,Female,46-112,Mahe,Margot Becker
Margaret,Dupont,76.11.10-863.22,1976-11-10,47,Male,46-112,Gilbert s a s,Margaret Dupont
Gilbert,Lemaître,84.06.04-287.37,1984-06-04,39,Male,18-41,Martins,Gilbert Lemaître
Alex,Lenoir,68.11.21-250.53,1968-11-21,55,Female,46-112,Bigot,Alex Lenoir
Sabine,Chevallier,55.07.09-054.15,1955-07-09,68,Female,46-112,Masse,Sabine Chevallier
Nicole,Launay,88.04.03-216.27,1988-04-03,35,Female,18-41,Dumas,Nicole Launay
Marianne,Potier,62.01.18-186.65,1962-01-18,62,Female,46-112,Marchal,Marianne Potier
Thérèse,Evrard,68.10.14-616.11,1968-10-14,55,Female,46-112,Chauvin,Thérèse Evrard
Véronique,Vidal,53.02.04-166.04,1953-02-04,71,Female,46-112,Begue meyer s a r l,Véronique Vidal
Timothée,Toussaint,85.12.03-280.87,1985-12-03,38,Female,18-41,Ferreira poirier et fils,Timothée Toussaint
Auguste,Besnard,56.06.26-307.21,1956-06-26,67,Male,46-112,Poulain s a r l,Auguste Besnard
Simone,Chauveau,98.06.20-176.33,1998-06-20,25,Female,18-41,Traore,Simone Chauveau
Françoise,Sauvage,92.08.01-949.71,1992-08-01,31,Male,18-41,Raymond,Françoise Sauvage
Lucas,Moreau,54.03.19-451.51,1954-03-19,69,Male,46-112,Francois,Lucas Moreau
Michelle,Monnier,79.12.09-457.26,1979-12-09,44,Male,42-45,Brunet bonnin et fils,Michelle Monnier
Aurélie,Fleury,96.09.15-039.06,1996-09-15,27,Male,18-41,Valette,Aurélie Fleury
Claire,Marin,87.04.12-318.35,1987-04-12,36,Female,18-41,Martin,Claire Marin
Thibault,Gay,84.06.11-102.56,1984-06-11,39,Female,18-41,Laroche,Thibault Gay
Mathilde,Hamon,51.04.11-915.66,1951-04-11,72,Male,46-112,Marty,Mathilde Hamon
Luce,Gosselin,60.05.09-147.26,1960-05-09,63,Male,46-112,Gonzalez s a,Luce Gosselin
Henri,Louis,90.04.19-890.35,1990-04-19,33,Female,18-41,Gomes,Henri Louis
Victor,Pichon,94.09.15-169.13,1994-09-15,29,Male,18-41,Ledoux,Victor Pichon
Élisabeth,Hernandez,95.04.25-163.53,1995-04-25,28,Male,18-41,Dias s a s,Élisabeth Hernandez
Lucie,Martineau,81.02.15-252.56,1981-02-15,43,Female,42-45,Guillou laroche s a r l,Lucie Martineau
Luc,Lévy,79.07.12-772.72,1979-07-12,44,Female,42-45,Bernier dumas s a r l,Luc Lévy
Agathe,Laroche,63.03.31-806.45,1963-03-31,60,Female,46-112,Laurent devaux sa,Agathe Laroche
Lorraine,Bodin,96.07.19-164.95,1996-07-19,27,Female,18-41,Huet lamy s a,Lorraine Bodin
Christiane,Bousquet,76.05.15-863.57,1976-05-15,47,Male,46-112,Hubert et fils,Christiane Bousquet
Geneviève,Descamps,67.07.16-143.25,1967-07-16,56,Male,46-112,Valentin,Geneviève Descamps
Patricia,Fischer,83.12.27-450.66,1983-12-27,40,Female,18-41,Leclerc et fils,Patricia Fischer
Eugène,Carlier,92.03.11-730.65,1992-03-11,31,Female,18-41,Lopez,Eugène Carlier
Clémence,Leroy,98.06.29-861.30,1998-06-29,25,Male,18-41,Hardy,Clémence Leroy
Audrey,Guillon,83.11.17-724.63,1983-11-17,40,Female,18-41,Diallo,Audrey Guillon
Olivier,Bertrand,93.02.08-459.71,1993-02-08,31,Male,18-41,Lambert et fils,Olivier Bertrand
Simone,Mallet,56.08.22-535.20,1956-08-22,67,Male,46-112,Payet s a s,Simone Mallet
Émile,Valette,69.06.24-899.91,1969-06-24,54,Male,46-112,Mary chauveau s a s,Émile Valette
Simone,Jacquot,80.02.29-014.92,1980-02-29,44,Female,42-45,Texier s a r l,Simone Jacquot
Cécile,Girard,58.03.05-598.76,1958-03-05,65,Female,46-112,Martel,Cécile Girard
Adèle,Pages,93.05.11-302.77,1993-05-11,30,Female,18-41,Jacquet,Adèle Pages
Augustin,Texier,59.07.25-507.00,1959-07-25,64,Male,46-112,Poirier,Augustin Texier
Michèle,Gilles,77.08.22-407.68,1977-08-22,46,Male,42-45,Adam,Michèle Gilles
Christine,Fouquet,89.08.01-415.44,1989-08-01,34,Male,18-41,Maury,Christine Fouquet
Julien,Mathieu,82.10.07-655.91,1982-10-07,41,Male,18-41,Leconte,Julien Mathieu
Lucas,Evrard,72.03.17-045.40,1972-03-17,51,Male,46-112,Duval,Lucas Evrard
Antoinette,Marchand,52.06.15-236.55,1952-06-15,71,Female,46-112,Perez s a,Antoinette Marchand
Antoinette,Paris,82.04.14-761.71,1982-04-14,41,Male,18-41,Boyer sarl,Antoinette Paris
Suzanne,Barthelemy,74.12.22-376.14,1974-12-22,49,Female,46-112,Lebon,Suzanne Barthelemy
Robert,Guillaume,48.03.01-564.49,1948-03-01,76,Female,46-112,Rolland,Robert Guillaume
Christelle,Perret,81.06.22-067.80,1981-06-22,42,Male,18-41,Perret sarl,Christelle Perret
Vincent,Leclerc,82.09.02-765.58,1982-09-02,41,Male,18-41,Delorme lucas s a,Vincent Leclerc
Marc,Dos Santos,98.07.13-303.64,1998-07-13,25,Male,18-41,Robert et fils,Marc Dos Santos
Dorothée,Poirier,66.09.18-782.00,1966-09-18,57,Female,46-112,Marchal,Dorothée Poirier
François,Denis,51.09.03-607.84,1951-09-03,72,Male,46-112,Olivier,François Denis
Thibault,Ruiz,57.10.09-365.30,1957-10-09,66,Male,46-112,Brunel,Thibault Ruiz
Aimé,Marin,56.04.09-350.77,1956-04-09,67,Female,46-112,Bernard,Aimé Marin
Maryse,Faure,89.02.07-779.49,1989-02-07,35,Male,18-41,Peltier s a s,Maryse Faure
Marcelle,Muller,85.03.06-120.15,1985-03-06,38,Female,18-41,Chevallier,Marcelle Muller
Philippe,Riou,98.09.16-660.96,1998-09-16,25,Female,18-41,Weiss,Philippe Riou
Agnès,Lagarde,70.11.28-941.18,1970-11-28,53,Male,46-112,Maury,Agnès Lagarde
Arthur,Chauvin,93.08.04-217.18,1993-08-04,30,Male,18-41,Raynaud,Arthur Chauvin
Dorothée,Mary,96.12.27-331.61,1996-12-27,27,Male,18-41,Ferrand,Dorothée Mary
Marie,Humbert,81.01.16-955.99,1981-01-16,43,Male,42-45,Lucas,Marie Humbert
Victor,Garnier,82.07.17-606.74,1982-07-17,41,Female,18-41,Hardy,Victor Garnier
Christelle,Baron,83.08.26-440.21,1983-08-26,40,Female,18-41,Olivier s a s,Christelle Baron
Danielle,Michaud,62.03.06-772.10,1962-03-06,61,Female,46-112,Garcia pons s a r l,Danielle Michaud
Aurore,Goncalves,81.11.28-914.04,1981-11-28,42,Female,18-41,Faivre,Aurore Goncalves
Océane,Guérin,87.04.09-393.83,1987-04-09,36,Male,18-41,Becker s a,Océane Guérin
Éléonore,Klein,48.12.01-435.70,1948-12-01,75,Male,46-112,Perrin,Éléonore Klein
Lucie,Gaudin,88.06.02-017.52,1988-06-02,35,Male,18-41,Barthelemy s a,Lucie Gaudin
Julien,Leclerc,58.12.30-629.06,1958-12-30,65,Male,46-112,Bodin legros sa,Julien Leclerc
Antoine,Lacombe,98.06.23-913.82,1998-06-23,25,Male,18-41,Bouvier,Antoine Lacombe
Alice,Laroche,56.02.03-340.28,1956-02-03,68,Female,46-112,Faure,Alice Laroche
Marianne,Rousseau,48.10.13-447.80,1948-10-13,75,Male,46-112,Marechal mercier sa,Marianne Rousseau
Mathilde,Hervé,82.01.28-610.33,1982-01-28,42,Female,18-41,Paris letellier s a,Mathilde Hervé
Hélène,Grondin,95.12.15-393.17,1995-12-15,28,Male,18-41,Mallet sa,Hélène Grondin
Marine,David,55.09.15-754.93,1955-09-15,68,Female,46-112,Delorme,Marine David
Étienne,Gimenez,63.08.31-335.03,1963-08-31,60,Male,46-112,Carlier,Étienne Gimenez
Nath,Gilbert,63.05.22-446.24,1963-05-22,60,Female,46-112,Georges martin sa,Nath Gilbert
Bertrand,Bonneau,70.02.11-154.89,1970-02-11,54,Female,46-112,Nicolas,Bertrand Bonneau
Honoré,Techer,94.02.08-289.60,1994-02-08,30,Male,18-41,Jacques,Honoré Techer
Monique,Imbert,76.11.16-570.31,1976-11-16,47,Female,46-112,Cousin chartier s a s,Monique Imbert
Christine,Colas,96.07.25-280.80,1996-07-25,27,Female,18-41,Hebert s a,Christine Colas
Charles,Blin,60.08.11-065.99,1960-08-11,63,Male,46-112,Chauvet sarl,Charles Blin
Anne,Michaud,80.03.01-499.03,1980-03-01,44,Male,42-45,Weber dumont s a s,Anne Michaud
Maurice,Colin,81.05.28-255.58,1981-05-28,42,Male,18-41,Laroche clerc et fils,Maurice Colin
Bernard,Giraud,69.09.01-854.76,1969-09-01,54,Female,46-112,Pasquier dumont s a r l,Bernard Giraud
Gérard,Maillet,77.07.16-180.10,1977-07-16,46,Female,42-45,Leduc s a s,Gérard Maillet
Thierry,Blanchet,80.09.16-456.69,1980-09-16,43,Female,42-45,Hebert,Thierry Blanchet
Bertrand,Richard,76.07.19-532.52,1976-07-19,47,Female,46-112,Didier sarl,Bertrand Richard
Inès,Raymond,90.08.20-330.42,1990-08-20,33,Female,18-41,Prevost,Inès Raymond
Paulette,Rousseau,89.10.02-419.64,1989-10-02,34,Male,18-41,Vasseur bourgeois et fils,Paulette Rousseau
Honoré,Maréchal,53.09.28-800.40,1953-09-28,70,Female,46-112,Toussaint s a s,Honoré Maréchal
Camille,Baudry,93.05.03-879.67,1993-05-03,30,Male,18-41,Remy,Camille Baudry
Isabelle,Marie,63.12.23-477.92,1963-12-23,60,Male,46-112,Techer s a s,Isabelle Marie
Zoé,Monnier,87.09.17-458.82,1987-09-17,36,Female,18-41,Morvan,Zoé Monnier
Margaud,Marques,96.11.03-786.06,1996-11-03,27,Female,18-41,Bruneau,Margaud Marques
Françoise,Fontaine,49.08.19-838.82,1949-08-19,74,Female,46-112,Gregoire,Françoise Fontaine
Charles,Paris,98.06.07-755.23,1998-06-07,25,Male,18-41,Lebrun,Charles Paris
Suzanne,Regnier,54.08.18-803.24,1954-08-18,69,Male,46-112,Dupuis,Suzanne Regnier
Michèle,Navarro,79.05.26-596.99,1979-05-26,44,Female,42-45,Antoine,Michèle Navarro
David,Roche,95.04.23-622.92,1995-04-23,28,Female,18-41,Fabre sa,David Roche
Frédérique,Fontaine,98.10.08-839.30,1998-10-08,25,Male,18-41,Allain perrier s a s,Frédérique Fontaine
Christine,Antoine,96.07.28-352.41,1996-07-28,27,Female,18-41,Voisin s a s,Christine Antoine
Juliette,Riou,66.08.24-276.36,1966-08-24,57,Female,46-112,Chauvet,Juliette Riou
Thibault,Martel,73.01.16-782.28,1973-01-16,51,Female,46-112,Hoareau neveu s a s,Thibault Martel
Éléonore,Barthelemy,73.01.03-877.33,1973-01-03,51,Male,46-112,Lefevre et fils,Éléonore Barthelemy
Jeanne,Chauvet,88.02.01-185.95,1988-02-01,36,Male,18-41,Caron,Jeanne Chauvet
Emmanuelle,Allain,63.09.10-261.53,1963-09-10,60,Male,46-112,Verdier s a r l,Emmanuelle Allain
Clémence,François,90.11.02-259.68,1990-11-02,33,Male,18-41,Hamel briand et fils,Clémence François
Françoise,Dupont,96.02.16-344.66,1996-02-16,28,Female,18-41,Lenoir sarl,Françoise Dupont
Anne,Sanchez,54.05.27-352.86,1954-05-27,69,Female,46-112,Garnier s a,Anne Sanchez
Véronique,Léger,77.08.07-948.57,1977-08-07,46,Female,42-45,Boulanger et fils,Véronique Léger
Éric,Lemaître,57.04.04-417.89,1957-04-04,66,Male,46-112,Mendes,Éric Lemaître
Gérard,Barbe,70.01.17-157.95,1970-01-17,54,Male,46-112,Gomes,Gérard Barbe
Philippine,Morvan,65.10.23-226.25,1965-10-23,58,Female,46-112,Costa,Philippine Morvan
Christophe,Brunel,66.10.15-722.22,1966-10-15,57,Female,46-112,Pierre gregoire sa,Christophe Brunel
Adélaïde,Lemaître,49.09.30-034.31,1949-09-30,74,Female,46-112,Royer,Adélaïde Lemaître
Manon,Lefèvre,57.10.20-412.90,1957-10-20,66,Female,46-112,Petit,Manon Lefèvre
Élodie,Girard,49.07.20-714.44,1949-07-20,74,Female,46-112,Morin,Élodie Girard
Sophie,Germain,74.02.05-881.23,1974-02-05,50,Male,46-112,Martins,Sophie Germain
Valentine,Lombard,62.08.05-769.01,1962-08-05,61,Male,46-112,Bernard sa,Valentine Lombard
Sylvie,Fischer,56.04.28-207.92,1956-04-28,67,Male,46-112,Gillet,Sylvie Fischer
Valérie,Vallée,50.11.17-998.91,1950-11-17,73,Female,46-112,Buisson sa,Valérie Vallée
Victor,Benoit,46.03.08-162.52,1946-03-08,77,Female,46-112,Andre renard s a s,Victor Benoit
Lucas,Gilbert,95.08.31-882.03,1995-08-31,28,Female,18-41,Maurice,Lucas Gilbert
André,Rocher,91.04.11-743.43,1991-04-11,32,Male,18-41,Julien daniel et fils,André Rocher
Georges,Morin,80.08.17-916.40,1980-08-17,43,Female,42-45,Gallet,Georges Morin
Daniel,Hebert,47.06.13-128.08,1947-06-13,76,Female,46-112,Ferrand s a r l,Daniel Hebert
Robert,Joubert,69.08.07-081.48,1969-08-07,54,Male,46-112,Vallet grondin sa,Robert Joubert
Denis,Nicolas,72.02.25-644.35,1972-02-25,52,Female,46-112,Bigot s a,Denis Nicolas
Joséphine,Denis,82.04.12-276.36,1982-04-12,41,Female,18-41,Barbe s a s,Joséphine Denis
Matthieu,Marion,49.04.17-723.84,1949-04-17,74,Male,46-112,Lambert merle sa,Matthieu Marion
Alex,Lucas,75.07.28-835.68,1975-07-28,48,Male,46-112,Cousin collet sarl,Alex Lucas
Laurence,Vaillant,86.02.05-509.93,1986-02-05,38,Male,18-41,Lefebvre,Laurence Vaillant
Georges,Joly,52.11.28-575.77,1952-11-28,71,Male,46-112,Carre,Georges Joly
Marine,Ramos,98.12.20-276.93,1998-12-20,25,Female,18-41,Dupont sarl,Marine Ramos
Alexandrie,Maillot,65.07.19-329.28,1965-07-19,58,Male,46-112,Costa et fils,Alexandrie Maillot
Emmanuelle,Weber,61.09.29-465.31,1961-09-29,62,Male,46-112,Guillou carlier et fils,Emmanuelle Weber
Adrien,Imbert,60.08.09-818.44,1960-08-09,63,Female,46-112,Lagarde perrot sarl,Adrien Imbert
Mathilde,Bigot,87.03.14-178.18,1987-03-14,36,Female,18-41,Bousquet baron s a,Mathilde Bigot
Élisabeth,Clerc,51.11.23-748.15,1951-11-23,72,Female,46-112,Torres hamel et fils,Élisabeth Clerc
Marthe,Da Costa,71.02.09-568.77,1971-02-09,53,Female,46-112,Girard auger et fils,Marthe Da Costa
Arnaude,Peron,74.12.05-344.69,1974-12-05,49,Female,46-112,Chevallier,Arnaude Peron
Sophie,Meyer,49.05.10-642.70,1949-05-10,74,Female,46-112,Mace sarl,Sophie Meyer
Étienne,Marchand,83.08.08-847.88,1983-08-08,40,Male,18-41,Martinez,Étienne Marchand
Inès,Guilbert,55.01.26-032.66,1955-01-26,69,Female,46-112,Weber s a r l,Inès Guilbert
Éléonore,Paul,74.12.03-255.20,1974-12-03,49,Male,46-112,Levy,Éléonore Paul
Valérie,Klein,73.08.08-027.54,1973-08-08,50,Male,46-112,Gallet valette sa,Valérie Klein
Thibault,Vallée,72.03.17-047.64,1972-03-17,51,Male,46-112,Petit s a r l,Thibault Vallée
Vincent,Blanchet,62.11.15-995.96,1962-11-15,61,Male,46-112,Imbert,Vincent Blanchet
Gilbert,Vallée,86.08.24-526.44,1986-08-24,37,Female,18-41,Vaillant maurice et fils,Gilbert Vallée
Madeleine,Couturier,81.03.17-664.40,1981-03-17,42,Female,18-41,Meunier,Madeleine Couturier
Alexandre,Bousquet,68.12.14-452.44,1968-12-14,55,Female,46-112,Pereira gerard sarl,Alexandre Bousquet
Daniel,Teixeira,71.11.06-025.84,1971-11-06,52,Male,46-112,Guyot s a r l,Daniel Teixeira
Pauline,Loiseau,74.08.29-557.74,1974-08-29,49,Male,46-112,Laporte s a s,Pauline Loiseau
Aimée,De Sousa,72.10.22-183.34,1972-10-22,51,Male,46-112,Camus et fils,Aimée De Sousa
Renée,Pierre,77.05.17-914.51,1977-05-17,46,Female,42-45,Mary sarl,Renée Pierre
Camille,Verdier,99.01.03-360.25,1999-01-03,25,Female,18-41,Morel,Camille Verdier
Hélène,Blot,73.12.12-609.43,1973-12-12,50,Male,46-112,Barbe,Hélène Blot
Matthieu,Chauvin,98.10.10-448.65,1998-10-10,25,Female,18-41,Chauvin et fils,Matthieu Chauvin
Isaac,Clerc,87.03.24-667.21,1987-03-24,36,Male,18-41,Marchal s a s,Isaac Clerc
Marguerite,Fischer,86.10.11-446.71,1986-10-11,37,Female,18-41,Robert,Marguerite Fischer
Maggie,Munoz,92.05.26-238.42,1992-05-26,31,Female,18-41,Aubry s a,Maggie Munoz
Thibault,Merle,67.08.25-466.38,1967-08-25,56,Female,46-112,Klein,Thibault Merle
Éric,Renaud,86.10.29-413.06,1986-10-29,37,Male,18-41,Guichard,Éric Renaud
Brigitte,Mathieu,95.07.20-135.76,1995-07-20,28,Male,18-41,Dupre hernandez sarl,Brigitte Mathieu
Édith,Thomas,78.08.17-826.12,1978-08-17,45,Female,42-45,Delmas,Édith Thomas
Antoine,Jacquot,68.07.24-914.50,1968-07-24,55,Female,46-112,Lecomte,Antoine Jacquot
Antoinette,Fouquet,69.09.16-044.84,1969-09-16,54,Female,46-112,Pelletier,Antoinette Fouquet
Mathilde,Faivre,57.06.20-490.43,1957-06-20,66,Female,46-112,Fernandes dupuy s a s,Mathilde Faivre
Luc,Moulin,89.04.24-386.84,1989-04-24,34,Female,18-41,Bernard,Luc Moulin
Marcel,Pons,87.06.10-259.24,1987-06-10,36,Male,18-41,Denis sarl,Marcel Pons
Lorraine,Le Roux,96.01.20-645.96,1996-01-20,28,Male,18-41,Samson s a s,Lorraine Le Roux
Thibaut,Brun,95.06.24-340.78,1995-06-24,28,Female,18-41,Voisin sa,Thibaut Brun
Noémi,Diaz,88.12.10-673.71,1988-12-10,35,Male,18-41,Da costa,Noémi Diaz
Marie,Lebrun,49.08.27-223.51,1949-08-27,74,Male,46-112,Texier,Marie Lebrun
Josette,Gimenez,46.06.18-577.17,1946-06-18,77,Male,46-112,Chauvet,Josette Gimenez
Constance,Simon,64.06.11-345.36,1964-06-11,59,Male,46-112,Leconte,Constance Simon
Sabine,Morin,90.08.21-349.96,1990-08-21,33,Male,18-41,Leclerc lefebvre s a r l,Sabine Morin
Clémence,Martel,88.04.09-293.28,1988-04-09,35,Male,18-41,Arnaud,Clémence Martel
Anastasie,Perret,61.03.21-594.96,1961-03-21,62,Female,46-112,Lecoq sa,Anastasie Perret
Laetitia,Maillet,86.04.08-581.79,1986-04-08,37,Male,18-41,Besson,Laetitia Maillet
Andrée,Schneider,86.10.01-299.51,1986-10-01,37,Male,18-41,Dufour,Andrée Schneider
Alain,Labbé,61.01.18-359.23,1961-01-18,63,Male,46-112,Pruvost,Alain Labbé
Michelle,Delannoy,86.04.14-194.58,1986-04-14,37,Female,18-41,Bernard dupont s a,Michelle Delannoy
Danielle,Blot,55.07.11-795.34,1955-07-11,68,Male,46-112,Adam,Danielle Blot
Bernard,Laroche,59.08.12-140.15,1959-08-12,64,Female,46-112,Hebert,Bernard Laroche
Danielle,Joubert,83.03.31-094.35,1983-03-31,40,Female,18-41,Pascal,Danielle Joubert
Frédérique,Fournier,89.05.14-582.76,1989-05-14,34,Female,18-41,Couturier sarl,Frédérique Fournier
Marcelle,Faivre,76.09.18-675.96,1976-09-18,47,Male,46-112,Maillard camus s a,Marcelle Faivre
Frédéric,Durand,55.07.31-433.75,1955-07-31,68,Male,46-112,Bodin weiss s a r l,Frédéric Durand
Gilles,Grégoire,91.03.04-279.15,1991-03-04,32,Male,18-41,Allard,Gilles Grégoire
Christelle,Le Roux,62.06.13-988.11,1962-06-13,61,Female,46-112,Gay martins s a,Christelle Le Roux
Anaïs,Alexandre,91.05.17-063.04,1991-05-17,32,Male,18-41,Pascal sa,Anaïs Alexandre
Honoré,Martins,52.02.10-756.31,1952-02-10,72,Female,46-112,Grondin sarl,Honoré Martins
Gabrielle,Coste,74.08.11-504.03,1974-08-11,49,Female,46-112,Dufour s a,Gabrielle Coste
Guy,Hardy,79.11.18-399.53,1979-11-18,44,Male,42-45,Georges,Guy Hardy
Bernard,Guillon,46.08.13-800.84,1946-08-13,77,Female,46-112,Marchand,Bernard Guillon
Anastasie,Dijoux,47.01.05-625.95,1947-01-05,77,Male,46-112,Dias et fils,Anastasie Dijoux
Éléonore,Loiseau,88.04.14-020.49,1988-04-14,35,Female,18-41,Seguin,Éléonore Loiseau
Marcelle,Merle,57.07.11-723.81,1957-07-11,66,Male,46-112,Fontaine,Marcelle Merle
Jeannine,Carre,89.08.06-420.86,1989-08-06,34,Female,18-41,Guilbert s a s,Jeannine Carre
Madeleine,Valette,93.10.04-210.43,1993-10-04,30,Female,18-41,Valentin,Madeleine Valette
Benoît,Guibert,92.10.30-797.50,1992-10-30,31,Male,18-41,Ferrand,Benoît Guibert
Paul,Berthelot,61.12.25-729.18,1961-12-25,62,Male,46-112,Vallet sa,Paul Berthelot
Alexandre,Salmon,64.03.28-334.40,1964-03-28,59,Female,46-112,Dufour sa,Alexandre Salmon
Nicole,Briand,65.04.26-503.60,1965-04-26,58,Male,46-112,Lesage,Nicole Briand
Hélène,Delahaye,61.02.21-548.43,1961-02-21,63,Female,46-112,Gosselin bigot sa,Hélène Delahaye
Danielle,Lenoir,53.06.15-906.53,1953-06-15,70,Female,46-112,Wagner,Danielle Lenoir
Dominique,Fabre,77.05.16-091.75,1977-05-16,46,Male,42-45,Leroy,Dominique Fabre
Lucas,Guillaume,68.04.26-154.66,1968-04-26,55,Female,46-112,Roy,Lucas Guillaume
Guillaume,Deschamps,68.04.16-101.29,1968-04-16,55,Male,46-112,Guillet,Guillaume Deschamps
David,Chevallier,62.10.11-864.30,1962-10-11,61,Female,46-112,Lefevre charpentier sarl,David Chevallier
Catherine,Marchal,46.04.15-589.13,1946-04-15,77,Male,46-112,Breton guibert et fils,Catherine Marchal
Virginie,Gilbert,46.06.30-780.29,1946-06-30,77,Female,46-112,Antoine,Virginie Gilbert
Renée,Gauthier,76.01.18-639.28,1976-01-18,48,Male,46-112,Tanguy,Renée Gauthier
Zacharie,Paul,95.06.17-622.97,1995-06-17,28,Female,18-41,Gay,Zacharie Paul
Zoé,Delattre,66.01.19-529.15,1966-01-19,58,Male,46-112,Blanc,Zoé Delattre
Jérôme,Turpin,58.01.28-531.35,1958-01-28,66,Male,46-112,Traore regnier s a,Jérôme Turpin
Célina,Hebert,89.04.11-133.27,1989-04-11,34,Male,18-41,Martins,Célina Hebert
Thibault,Mallet,55.02.04-282.58,1955-02-04,69,Female,46-112,Ruiz,Thibault Mallet
Anastasie,Lecomte,85.02.05-020.86,1985-02-05,39,Female,18-41,Bousquet chartier sarl,Anastasie Lecomte
Nicolas,Klein,61.10.26-818.89,1961-10-26,62,Female,46-112,Besnard s a s,Nicolas Klein
Guillaume,Besnard,87.03.14-604.10,1987-03-14,36,Female,18-41,Guillot hebert sarl,Guillaume Besnard
Alexandrie,Hoareau,95.01.13-674.40,1995-01-13,29,Female,18-41,Leroux s a s,Alexandrie Hoareau
Auguste,Delattre,49.09.22-507.01,1949-09-22,74,Male,46-112,Blondel,Auguste Delattre
Virginie,Dubois,55.01.04-756.26,1955-01-04,69,Female,46-112,Maillot,Virginie Dubois
Roger,Albert,89.04.11-585.40,1989-04-11,34,Male,18-41,Lamy,Roger Albert
Christiane,Godard,92.09.18-926.01,1992-09-18,31,Female,18-41,Michaud s a r l,Christiane Godard
Valérie,Aubry,92.09.12-377.21,1992-09-12,31,Male,18-41,Coste paris sa,Valérie Aubry
Jeannine,Pichon,71.08.21-465.25,1971-08-21,52,Male,46-112,Bonnet,Jeannine Pichon
Michelle,Perez,86.11.10-712.33,1986-11-10,37,Female,18-41,Hoareau,Michelle Perez
Noël,Lemaître,80.09.04-129.28,1980-09-04,43,Male,42-45,Joseph,Noël Lemaître
Auguste,Lévêque,87.01.05-097.30,1987-01-05,37,Male,18-41,Pages gros sa,Auguste Lévêque
Honoré,Gaillard,66.09.04-862.83,1966-09-04,57,Female,46-112,Marechal,Honoré Gaillard
Josette,Roy,75.08.13-420.49,1975-08-13,48,Female,46-112,Bailly navarro s a,Josette Roy
Emmanuel,Laroche,61.03.25-133.00,1961-03-25,62,Male,46-112,Gillet delaunay s a,Emmanuel Laroche
Marine,Salmon,76.09.21-368.27,1976-09-21,47,Female,46-112,Morin,Marine Salmon
Adèle,Boucher,89.05.14-887.00,1989-05-14,34,Male,18-41,Diaz lebreton s a r l,Adèle Boucher
Honoré,Blanc,95.08.21-006.20,1995-08-21,28,Female,18-41,Pichon sa,Honoré Blanc
Constance,Muller,81.11.21-030.79,1981-11-21,42,Female,18-41,Hoarau,Constance Muller
Michèle,Martinez,94.07.26-479.68,1994-07-26,29,Male,18-41,Delattre,Michèle Martinez
Luc,Diallo,86.07.20-112.75,1986-07-20,37,Female,18-41,Gosselin sarl,Luc Diallo
Guy,Marques,56.06.28-894.43,1956-06-28,67,Female,46-112,Thibault,Guy Marques
Jules,Moulin,81.07.05-049.01,1981-07-05,42,Male,18-41,Andre alexandre sa,Jules Moulin
Guillaume,Gauthier,87.07.13-959.82,1987-07-13,36,Male,18-41,Martel sa,Guillaume Gauthier
Margaux,Gaudin,66.05.07-447.82,1966-05-07,57,Male,46-112,Collet s a,Margaux Gaudin
Valentine,Gay,95.10.01-694.80,1995-10-01,28,Female,18-41,Munoz et fils,Valentine Gay
Paulette,Ferrand,89.01.17-313.41,1989-01-17,35,Male,18-41,Dupont s a,Paulette Ferrand
Pauline,Diallo,72.04.15-218.35,1972-04-15,51,Female,46-112,Brunel sa,Pauline Diallo
Georges,Robert,64.05.13-206.05,1964-05-13,59,Female,46-112,Robert s a s,Georges Robert
Gilles,Marin,47.05.30-619.96,1947-05-30,76,Male,46-112,Fournier,Gilles Marin
Juliette,Bègue,48.06.28-783.69,1948-06-28,75,Male,46-112,Turpin,Juliette Bègue
Élise,Evrard,62.01.25-688.55,1962-01-25,62,Female,46-112,Lagarde,Élise Evrard
Danielle,Guilbert,94.10.21-112.04,1994-10-21,29,Female,18-41,Joseph mahe s a r l,Danielle Guilbert
Raymond,Blanchard,70.10.16-480.50,1970-10-16,53,Female,46-112,Guyot,Raymond Blanchard
Nath,Moreau,64.01.23-920.85,1964-01-23,60,Female,46-112,Foucher,Nath Moreau
Jacques,Robert,56.11.21-982.79,1956-11-21,67,Female,46-112,Evrard s a s,Jacques Robert
Claude,Leconte,71.12.28-139.79,1971-12-28,52,Male,46-112,Lejeune s a,Claude Leconte
Tristan,Marion,62.01.31-137.69,1962-01-31,62,Male,46-112,Chevallier,Tristan Marion
Céline,Maillet,83.11.02-973.56,1983-11-02,40,Male,18-41,Thierry pottier sarl,Céline Maillet
Chantal,Germain,47.03.21-312.02,1947-03-21,76,Female,46-112,Monnier sarl,Chantal Germain
Zoé,Picard,97.03.27-411.44,1997-03-27,26,Male,18-41,Gilles sarl,Zoé Picard
Catherine,Perrin,95.08.06-681.50,1995-08-06,28,Male,18-41,Ribeiro bourdon et fils,Catherine Perrin
Édith,Lebon,88.01.22-708.58,1988-01-22,36,Female,18-41,Dupuy sarl,Édith Lebon
Marthe,Barre,95.08.03-050.28,1995-08-03,28,Female,18-41,Mathieu,Marthe Barre
Élodie,Mace,97.07.10-878.54,1997-07-10,26,Female,18-41,Benoit gosselin sarl,Élodie Mace
Simone,Jacquot,71.04.03-304.83,1971-04-03,52,Female,46-112,Marion,Simone Jacquot
Guillaume,Baudry,66.09.18-134.87,1966-09-18,57,Female,46-112,Dupont s a s,Guillaume Baudry
Jeannine,Gauthier,76.02.20-934.82,1976-02-20,48,Female,46-112,Barthelemy s a,Jeannine Gauthier
Adrien,Monnier,87.08.10-963.75,1987-08-10,36,Male,18-41,Delmas martin sarl,Adrien Monnier
Émile,Pages,58.08.18-531.89,1958-08-18,65,Male,46-112,Martins,Émile Pages
Adélaïde,Leblanc,50.06.16-923.07,1950-06-16,73,Male,46-112,Fernandez s a s,Adélaïde Leblanc
Daniel,Mahe,56.08.23-913.42,1956-08-23,67,Male,46-112,Guillou,Daniel Mahe
Philippe,Gonzalez,75.06.26-551.10,1975-06-26,48,Male,46-112,Regnier sa,Philippe Gonzalez
Alexandre,Langlois,57.02.24-946.09,1957-02-24,67,Female,46-112,Menard chauveau s a,Alexandre Langlois
Tristan,Regnier,75.08.10-875.87,1975-08-10,48,Male,46-112,Launay,Tristan Regnier
Émilie,Tanguy,92.12.24-807.35,1992-12-24,31,Male,18-41,Morvan,Émilie Tanguy
Amélie,Colas,65.09.02-739.88,1965-09-02,58,Male,46-112,Bonneau sarl,Amélie Colas
Édouard,Evrard,64.04.08-120.05,1964-04-08,59,Female,46-112,Da costa,Édouard Evrard
Noémi,Labbé,80.03.14-349.54,1980-03-14,43,Male,42-45,Lucas le roux sarl,Noémi Labbé
Dorothée,Becker,57.07.16-897.15,1957-07-16,66,Male,46-112,Diallo sa,Dorothée Becker
Agathe,Guibert,78.09.11-552.77,1978-09-11,45,Female,42-45,Diallo,Agathe Guibert
Victor,Pierre,78.05.16-093.60,1978-05-16,45,Male,42-45,Olivier,Victor Pierre
Andrée,Maillet,47.12.01-865.18,1947-12-01,76,Male,46-112,Pineau sarl,Andrée Maillet
Franck,Richard,62.09.02-254.94,1962-09-02,61,Female,46-112,Petit sa,Franck Richard
Anouk,Bègue,83.10.01-915.57,1983-10-01,40,Male,18-41,Marques,Anouk Bègue
Tristan,Albert,92.07.14-727.48,1992-07-14,31,Male,18-41,Blanchet,Tristan Albert
Auguste,Mallet,68.03.02-929.17,1968-03-02,55,Male,46-112,Duval torres s a r l,Auguste Mallet
Marcel,Wagner,64.06.06-185.20,1964-06-06,59,Male,46-112,Lefevre,Marcel Wagner
Michelle,Maillet,49.12.12-321.93,1949-12-12,74,Male,46-112,Bouchet,Michelle Maillet
Suzanne,Bazin,53.11.18-283.91,1953-11-18,70,Male,46-112,Bousquet chauvet sarl,Suzanne Bazin
Simone,Jacquet,56.11.18-951.50,1956-11-18,67,Male,46-112,Bouvier et fils,Simone Jacquet
Marcelle,Jourdan,70.03.08-796.09,1970-03-08,53,Female,46-112,Boyer sa,Marcelle Jourdan
Dorothée,Pelletier,59.05.12-328.10,1959-05-12,64,Female,46-112,Clerc,Dorothée Pelletier
Stéphanie,Martel,80.12.20-239.61,1980-12-20,43,Male,42-45,Poulain,Stéphanie Martel
Rémy,Gomez,89.10.10-711.00,1989-10-10,34,Male,18-41,Noel,Rémy Gomez
Jules,Raynaud,95.03.07-939.54,1995-03-07,28,Male,18-41,Joseph,Jules Raynaud
Nath,Techer,79.06.30-477.06,1979-06-30,44,Male,42-45,Paul joseph et fils,Nath Techer
Daniel,Martin,68.02.27-765.15,1968-02-27,56,Male,46-112,Peltier devaux s a,Daniel Martin
Étienne,Aubry,65.11.03-156.00,1965-11-03,58,Female,46-112,Diaz,Étienne Aubry
Lucie,Mary,69.07.16-581.57,1969-07-16,54,Male,46-112,Morin,Lucie Mary
Laurent,Bodin,89.01.10-557.97,1989-01-10,35,Male,18-41,Roger,Laurent Bodin
Dorothée,Roger,83.06.05-252.46,1983-06-05,40,Female,18-41,Dumont,Dorothée Roger
Édouard,Jacquet,72.07.17-988.80,1972-07-17,51,Female,46-112,Roussel,Édouard Jacquet
Adèle,Potier,79.02.03-096.09,1979-02-03,45,Female,42-45,Poulain,Adèle Potier
Nath,Bouvet,98.09.23-445.28,1998-09-23,25,Male,18-41,Leroy s a s,Nath Bouvet
Thibaut,Blot,76.06.26-393.08,1976-06-26,47,Male,46-112,Martin,Thibaut Blot
Constance,Schneider,65.03.03-500.44,1965-03-03,58,Female,46-112,Pottier,Constance Schneider
Maggie,Roche,64.08.04-579.78,1964-08-04,59,Male,46-112,Charpentier et fils,Maggie Roche
Frédéric,Seguin,84.03.08-070.10,1984-03-08,39,Female,18-41,Brun,Frédéric Seguin
Gilbert,Fernandez,64.03.25-534.02,1964-03-25,59,Female,46-112,Guyot rodriguez sarl,Gilbert Fernandez
Sébastien,Garcia,92.11.21-297.30,1992-11-21,31,Male,18-41,Henry et fils,Sébastien Garcia
Françoise,Allard,85.06.28-185.58,1985-06-28,38,Male,18-41,Guerin,Françoise Allard
Charles,Roux,61.12.25-940.59,1961-12-25,62,Female,46-112,Diaz vallee et fils,Charles Roux
Audrey,Chrétien,49.01.05-023.65,1949-01-05,75,Male,46-112,Guerin valette et fils,Audrey Chrétien
Roger,Pascal,90.08.11-397.11,1990-08-11,33,Male,18-41,Rousseau,Roger Pascal
Dominique,Ledoux,70.04.01-762.73,1970-04-01,53,Female,46-112,Humbert gilles s a s,Dominique Ledoux
Aurore,Caron,56.10.02-534.36,1956-10-02,67,Female,46-112,Guichard guillou sa,Aurore Caron
Olivie,Seguin,67.03.25-217.16,1967-03-25,56,Male,46-112,Hamel,Olivie Seguin
Juliette,Coste,79.10.23-233.50,1979-10-23,44,Male,42-45,Sauvage perrin sa,Juliette Coste
Odette,Klein,47.11.04-425.35,1947-11-04,76,Male,46-112,Pottier s a r l,Odette Klein
Inès,Adam,79.11.21-800.95,1979-11-21,44,Female,42-45,Leger jean s a s,Inès Adam
Guillaume,Peron,96.11.29-879.82,1996-11-29,27,Male,18-41,Joseph s a,Guillaume Peron
Colette,Jourdan,61.09.01-168.34,1961-09-01,62,Female,46-112,Marie da silva s a s,Colette Jourdan
Denise,Dupont,75.02.18-742.24,1975-02-18,49,Female,46-112,Moulin,Denise Dupont
Daniel,Lacroix,52.07.19-572.76,1952-07-19,71,Female,46-112,Fischer,Daniel Lacroix
Éléonore,Ollivier,76.09.24-646.56,1976-09-24,47,Female,46-112,Arnaud s a,Éléonore Ollivier
Gabriel,Bègue,81.03.05-434.37,1981-03-05,42,Female,18-41,Maury roger s a,Gabriel Bègue
Joséphine,Samson,57.08.20-103.45,1957-08-20,66,Male,46-112,Girard,Joséphine Samson
Hortense,Imbert,72.03.03-489.97,1972-03-03,51,Male,46-112,Guillaume s a r l,Hortense Imbert
Émile,Marie,91.06.22-599.55,1991-06-22,32,Male,18-41,Normand,Émile Marie
Céline,Delahaye,64.04.03-386.25,1964-04-03,59,Female,46-112,Faivre,Céline Delahaye
Jacqueline,Michel,50.07.10-549.91,1950-07-10,73,Male,46-112,Colas,Jacqueline Michel
Maggie,Ribeiro,68.08.08-396.93,1968-08-08,55,Female,46-112,Vallet,Maggie Ribeiro
Suzanne,Lemaître,78.07.07-812.64,1978-07-07,45,Female,42-45,Foucher,Suzanne Lemaître
Caroline,Fouquet,64.04.21-428.10,1964-04-21,59,Female,46-112,Le goff,Caroline Fouquet
Guillaume,Verdier,91.04.01-193.94,1991-04-01,32,Male,18-41,Jacquet s a,Guillaume Verdier
Louis,Maréchal,57.05.29-558.89,1957-05-29,66,Female,46-112,Gilles lambert sarl,Louis Maréchal
Thibaut,Lelièvre,47.05.27-022.26,1947-05-27,76,Female,46-112,Carlier sa,Thibaut Lelièvre
Anastasie,Cohen,58.07.02-893.59,1958-07-02,65,Male,46-112,Lecomte s a,Anastasie Cohen
Victoire,Pascal,74.02.27-990.29,1974-02-27,50,Female,46-112,Martins sa,Victoire Pascal
Léon,Delmas,55.05.03-972.98,1955-05-03,68,Female,46-112,Thierry martineau et fils,Léon Delmas
Marine,Devaux,50.11.12-601.24,1950-11-12,73,Male,46-112,Peltier,Marine Devaux
Théodore,Le Goff,94.08.15-729.99,1994-08-15,29,Male,18-41,Lagarde,Théodore Le Goff
Andrée,Clément,64.06.09-470.14,1964-06-09,59,Female,46-112,Salmon et fils,Andrée Clément
Alice,Guérin,85.02.10-930.46,1985-02-10,39,Female,18-41,Renard mathieu sarl,Alice Guérin
Véronique,Duval,92.08.15-151.68,1992-08-15,31,Male,18-41,Legrand fernandez sa,Véronique Duval
Danielle,Lelièvre,65.01.06-034.76,1965-01-06,59,Female,46-112,Grondin leclercq s a r l,Danielle Lelièvre
Thierry,Lévy,84.05.24-268.84,1984-05-24,39,Female,18-41,Couturier sarl,Thierry Lévy
Thomas,Royer,74.12.18-421.04,1974-12-18,49,Male,46-112,Richard et fils,Thomas Royer
Christelle,Gimenez,97.06.06-736.64,1997-06-06,26,Female,18-41,Peltier leroux et fils,Christelle Gimenez
Léon,Bodin,98.11.01-246.72,1998-11-01,25,Female,18-41,Lamy,Léon Bodin
Michel,Bigot,86.01.06-814.24,1986-01-06,38,Female,18-41,Chretien et fils,Michel Bigot
Diane,Delattre,54.05.06-896.42,1954-05-06,69,Female,46-112,Leleu s a s,Diane Delattre
Agnès,Pinto,84.05.03-946.51,1984-05-03,39,Female,18-41,Michel guillaume s a s,Agnès Pinto
Olivier,Vincent,48.09.26-273.71,1948-09-26,75,Male,46-112,Guilbert,Olivier Vincent
Maurice,Bourgeois,82.12.18-340.20,1982-12-18,41,Female,18-41,Gauthier,Maurice Bourgeois
Christelle,Menard,70.02.13-288.34,1970-02-13,54,Female,46-112,Camus,Christelle Menard
Céline,Bonneau,83.01.08-694.54,1983-01-08,41,Female,18-41,Garnier,Céline Bonneau
Éléonore,Launay,66.06.27-054.53,1966-06-27,57,Female,46-112,Bourdon s a r l,Éléonore Launay
Thibault,Bouchet,93.04.18-891.07,1993-04-18,30,Male,18-41,Baudry,Thibault Bouchet
Corinne,Imbert,98.09.05-092.07,1998-09-05,25,Female,18-41,Wagner,Corinne Imbert
Robert,Gilles,67.09.15-295.84,1967-09-15,56,Male,46-112,Guilbert s a s,Robert Gilles
Chantal,Bègue,91.06.18-588.39,1991-06-18,32,Female,18-41,Legendre,Chantal Bègue
Aurélie,Teixeira,68.08.30-088.11,1968-08-30,55,Female,46-112,Gomes,Aurélie Teixeira
Thierry,Colas,72.05.21-755.01,1972-05-21,51,Male,46-112,Perrin,Thierry Colas
Dorothée,Carlier,71.06.02-904.03,1971-06-02,52,Female,46-112,Gimenez,Dorothée Carlier
Raymond,Martinez,54.02.10-627.07,1954-02-10,70,Male,46-112,Pasquier couturier sarl,Raymond Martinez
Daniel,Mahe,47.07.17-002.31,1947-07-17,76,Female,46-112,Aubert s a s,Daniel Mahe
Joseph,Bousquet,95.02.21-304.36,1995-02-21,29,Female,18-41,Langlois leroux sa,Joseph Bousquet
Sophie,Meunier,97.10.19-971.04,1997-10-19,26,Male,18-41,Allard s a s,Sophie Meunier
Dominique,Hamon,47.11.05-455.73,1947-11-05,76,Male,46-112,Louis sa,Dominique Hamon
Franck,Thierry,51.03.04-257.89,1951-03-04,72,Male,46-112,Vaillant sarl,Franck Thierry
Lucy,Blanchet,73.03.18-456.58,1973-03-18,50,Female,46-112,Gallet barbe s a,Lucy Blanchet
Renée,Jacques,98.10.22-299.24,1998-10-22,25,Male,18-41,Dupont,Renée Jacques
Marine,Chevalier,92.03.22-529.15,1992-03-22,31,Male,18-41,Barthelemy couturier sarl,Marine Chevalier
Benoît,Lefebvre,95.05.26-229.08,1995-05-26,28,Male,18-41,Pichon lesage s a s,Benoît Lefebvre
Claudine,Mary,91.09.14-929.01,1991-09-14,32,Male,18-41,Gerard,Claudine Mary
Océane,Fontaine,86.09.04-669.35,1986-09-04,37,Male,18-41,Raymond bruneau s a s,Océane Fontaine
Thomas,Bouvet,49.06.02-215.58,1949-06-02,74,Male,46-112,Mendes techer s a s,Thomas Bouvet
Robert,Lejeune,74.03.30-121.05,1974-03-30,49,Male,46-112,Normand,Robert Lejeune
Thomas,Pichon,55.09.09-370.28,1955-09-09,68,Female,46-112,Leger,Thomas Pichon
Louis,Courtois,71.04.11-209.55,1971-04-11,52,Male,46-112,Chretien s a r l,Louis Courtois
Laurent,Clément,71.09.03-813.63,1971-09-03,52,Male,46-112,Andre,Laurent Clément
Gérard,Leroy,94.12.17-734.46,1994-12-17,29,Female,18-41,Besnard boutin sa,Gérard Leroy
Xavier,Maurice,68.08.12-328.61,1968-08-12,55,Female,46-112,Normand,Xavier Maurice
Guillaume,Klein,80.12.04-917.89,1980-12-04,43,Male,42-45,Lopez,Guillaume Klein
Gabriel,Prévost,87.09.12-897.17,1987-09-12,36,Male,18-41,Leroux,Gabriel Prévost
Étienne,Tanguy,63.11.03-227.33,1963-11-03,60,Male,46-112,Begue sarl,Étienne Tanguy
Marine,Lévy,73.02.08-911.61,1973-02-08,51,Male,46-112,Bertin s a,Marine Lévy
Thibaut,Reynaud,58.06.05-389.09,1958-06-05,65,Male,46-112,Imbert bouvet s a,Thibaut Reynaud
Arnaude,Schmitt,98.08.26-660.17,1998-08-26,25,Female,18-41,Giraud et fils,Arnaude Schmitt
Alexandria,Bertrand,82.05.04-845.49,1982-05-04,41,Male,18-41,Fischer,Alexandria Bertrand
Michelle,Charrier,65.08.20-170.89,1965-08-20,58,Female,46-112,Lemonnier s a s,Michelle Charrier
Martin,Baron,72.05.29-518.20,1972-05-29,51,Female,46-112,Guerin,Martin Baron
Nathalie,Faure,51.10.26-066.38,1951-10-26,72,Female,46-112,Rousset lelievre s a,Nathalie Faure
Alice,Deschamps,96.08.16-890.86,1996-08-16,27,Female,18-41,Thibault,Alice Deschamps
Virginie,Ferreira,71.05.21-978.99,1971-05-21,52,Female,46-112,Blanchard boulay sa,Virginie Ferreira
Luc,Valette,84.10.19-971.93,1984-10-19,39,Male,18-41,Vasseur sa,Luc Valette
Alice,Maury,55.11.17-045.26,1955-11-17,68,Male,46-112,Delannoy,Alice Maury
Adélaïde,Blot,66.04.04-582.83,1966-04-04,57,Female,46-112,Guilbert marion s a s,Adélaïde Blot
Laure,Guérin,84.06.17-444.91,1984-06-17,39,Female,18-41,Girard,Laure Guérin
Pierre,Diallo,53.06.05-963.88,1953-06-05,70,Male,46-112,Seguin,Pierre Diallo
Théodore,Chauvin,65.01.28-337.76,1965-01-28,59,Male,46-112,Baudry,Théodore Chauvin
Hugues,Laporte,69.03.18-159.74,1969-03-18,54,Male,46-112,Pages,Hugues Laporte
Adélaïde,Torres,80.01.23-120.32,1980-01-23,44,Female,42-45,Simon andre sa,Adélaïde Torres
Lucie,Thibault,90.10.15-351.85,1990-10-15,33,Male,18-41,Jean,Lucie Thibault
Hortense,Vidal,90.03.20-073.33,1990-03-20,33,Male,18-41,Diaz,Hortense Vidal
Georges,Lamy,54.10.01-501.94,1954-10-01,69,Male,46-112,Adam,Georges Lamy
Julien,Klein,48.11.05-976.08,1948-11-05,75,Female,46-112,Fischer,Julien Klein
Thérèse,Briand,91.10.05-596.07,1991-10-05,32,Female,18-41,Perrin s a,Thérèse Briand
Capucine,Blanchard,66.11.01-985.77,1966-11-01,57,Male,46-112,Picard,Capucine Blanchard
Hortense,Marion,66.12.08-154.25,1966-12-08,57,Female,46-112,Collet s a s,Hortense Marion
Timothée,Petit,65.01.05-378.93,1965-01-05,59,Female,46-112,Brun sa,Timothée Petit
Arnaude,Humbert,87.03.15-584.85,1987-03-15,36,Female,18-41,Caron,Arnaude Humbert
Michèle,Mendès,59.11.10-743.52,1959-11-10,64,Male,46-112,Ribeiro cordier sa,Michèle Mendès
Martine,Louis,94.06.22-774.56,1994-06-22,29,Female,18-41,Pascal et fils,Martine Louis
Maurice,Vallée,55.01.06-097.01,1955-01-06,69,Male,46-112,Lenoir,Maurice Vallée
Franck,Rolland,79.08.30-928.59,1979-08-30,44,Female,42-45,Gillet,Franck Rolland
Georges,Clément,61.10.30-298.34,1961-10-30,62,Female,46-112,Riou,Georges Clément
Jeanne,Joseph,55.02.22-796.05,1955-02-22,69,Female,46-112,Rodrigues blin et fils,Jeanne Joseph
Henriette,Roger,52.07.21-913.73,1952-07-21,71,Male,46-112,Neveu sarl,Henriette Roger
Emmanuel,Dupré,72.01.08-172.67,1972-01-08,52,Female,46-112,Coste s a s,Emmanuel Dupré
Emmanuelle,Texier,98.08.05-699.25,1998-08-05,25,Male,18-41,Pasquier clerc s a r l,Emmanuelle Texier
Arthur,Vallet,50.04.08-575.65,1950-04-08,73,Male,46-112,Ferrand dos santos s a,Arthur Vallet
Georges,Evrard,76.08.16-101.23,1976-08-16,47,Male,46-112,Pineau,Georges Evrard
Stéphane,Barbier,74.03.01-675.55,1974-03-01,50,Male,46-112,Ollivier s a,Stéphane Barbier
Susanne,Perrin,78.03.26-389.39,1978-03-26,45,Male,42-45,Boulay et fils,Susanne Perrin
Aimée,Hamon,77.01.12-077.67,1977-01-12,47,Male,46-112,Cordier,Aimée Hamon
Manon,Boutin,85.07.08-764.27,1985-07-08,38,Female,18-41,Paris,Manon Boutin
Audrey,Baudry,54.11.23-777.99,1954-11-23,69,Male,46-112,Jacob riou s a,Audrey Baudry
Andrée,Poulain,78.02.01-771.50,1978-02-01,46,Male,42-45,Pottier,Andrée Poulain
Mathilde,Joseph,67.01.06-886.22,1967-01-06,57,Female,46-112,Colas et fils,Mathilde Joseph
Hortense,Gaillard,89.02.10-403.76,1989-02-10,35,Male,18-41,Imbert boulay et fils,Hortense Gaillard
Clémence,Delattre,91.09.23-964.97,1991-09-23,32,Female,18-41,Mendes hoarau s a,Clémence Delattre
René,Duval,81.10.17-837.90,1981-10-17,42,Male,18-41,Carre wagner sarl,René Duval
Manon,Colas,53.04.29-061.80,1953-04-29,70,Male,46-112,Perrier sarl,Manon Colas
Virginie,Nguyen,60.08.25-541.22,1960-08-25,63,Male,46-112,Bertrand s a,Virginie Nguyen
Alex,Pereira,84.09.02-482.26,1984-09-02,39,Female,18-41,Langlois,Alex Pereira
Frédérique,Allain,78.10.22-558.19,1978-10-22,45,Female,42-45,Vasseur guillet s a s,Frédérique Allain
Thierry,Dupuy,79.04.06-177.40,1979-04-06,44,Male,42-45,Neveu et fils,Thierry Dupuy
Susan,Pinto,83.11.01-549.56,1983-11-01,40,Male,18-41,Leclerc duval s a r l,Susan Pinto
Théodore,Marty,58.06.08-485.89,1958-06-08,65,Male,46-112,Delahaye,Théodore Marty
Paulette,Lacroix,66.11.20-322.36,1966-11-20,57,Female,46-112,Rodrigues sarl,Paulette Lacroix
Philippe,Antoine,50.09.20-302.16,1950-09-20,73,Female,46-112,Becker,Philippe Antoine
Lucy,Lambert,69.05.05-475.31,1969-05-05,54,Male,46-112,Pinto,Lucy Lambert
Margaret,Arnaud,63.02.04-469.58,1963-02-04,61,Male,46-112,Gilles,Margaret Arnaud
Suzanne,Goncalves,68.01.21-817.14,1968-01-21,56,Male,46-112,Blanchard gaillard s a s,Suzanne Goncalves
Marie,Garnier,59.04.10-816.16,1959-04-10,64,Female,46-112,Cordier,Marie Garnier
Julie,Descamps,52.11.13-099.84,1952-11-13,71,Male,46-112,Leduc,Julie Descamps
Capucine,Roy,88.01.24-537.52,1988-01-24,36,Male,18-41,Diaz mahe s a r l,Capucine Roy
Sylvie,Gros,88.02.07-344.24,1988-02-07,36,Female,18-41,Fabre et fils,Sylvie Gros
Michelle,Ramos,92.04.17-638.28,1992-04-17,31,Female,18-41,Germain francois et fils,Michelle Ramos
Jeannine,Reynaud,70.05.26-857.70,1970-05-26,53,Male,46-112,Le gall,Jeannine Reynaud
Caroline,Bazin,89.09.16-208.86,1989-09-16,34,Female,18-41,Colin,Caroline Bazin
Christelle,Grenier,89.09.16-425.62,1989-09-16,34,Male,18-41,Guillon et fils,Christelle Grenier
Isabelle,Maury,91.12.27-840.09,1991-12-27,32,Female,18-41,Langlois,Isabelle Maury
Sébastien,Pineau,51.12.15-547.21,1951-12-15,72,Male,46-112,Devaux,Sébastien Pineau
Jean,Benard,96.12.29-592.94,1996-12-29,27,Female,18-41,Thierry martin sa,Jean Benard
Isaac,Collet,89.11.05-115.69,1989-11-05,34,Male,18-41,Leleu s a r l,Isaac Collet
Susan,Pottier,70.11.09-480.73,1970-11-09,53,Female,46-112,Lebon foucher s a s,Susan Pottier
Jeannine,Lamy,81.10.15-558.15,1981-10-15,42,Female,18-41,Jean mahe s a s,Jeannine Lamy
Émilie,Labbé,73.12.13-117.90,1973-12-13,50,Male,46-112,Jacquot,Émilie Labbé
Marcelle,Marie,78.08.28-818.60,1978-08-28,45,Female,42-45,Jean sa,Marcelle Marie
Zacharie,Bourgeois,69.08.15-084.86,1969-08-15,54,Female,46-112,Lemoine,Zacharie Bourgeois
Pierre,Weiss,82.05.09-082.40,1982-05-09,41,Female,18-41,Etienne s a r l,Pierre Weiss
Julie,Royer,80.02.24-824.39,1980-02-24,44,Female,42-45,Durand,Julie Royer
Aurore,Navarro,72.07.21-686.62,1972-07-21,51,Female,46-112,Didier mary sa,Aurore Navarro
Émilie,Baron,73.12.04-747.14,1973-12-04,50,Male,46-112,Traore lopez s a r l,Émilie Baron
Aurélie,Pereira,63.02.15-339.36,1963-02-15,61,Male,46-112,Parent,Aurélie Pereira
Marcelle,Coulon,59.07.09-107.27,1959-07-09,64,Male,46-112,Hubert,Marcelle Coulon
Maryse,Fontaine,91.06.13-572.46,1991-06-13,32,Female,18-41,Nguyen,Maryse Fontaine
Alexandre,Dubois,66.01.31-500.66,1966-01-31,58,Female,46-112,Barthelemy,Alexandre Dubois
Raymond,Ruiz,82.09.22-920.33,1982-09-22,41,Female,18-41,Bonneau,Raymond Ruiz
Nicolas,Lopez,67.08.11-504.03,1967-08-11,56,Female,46-112,Masson et fils,Nicolas Lopez
Joséphine,Louis,92.10.05-968.54,1992-10-05,31,Female,18-41,Millet,Joséphine Louis
Anne,Guillaume,76.11.27-277.55,1976-11-27,47,Male,46-112,Cordier s a s,Anne Guillaume
Catherine,Delattre,76.09.03-291.02,1976-09-03,47,Male,46-112,Fleury,Catherine Delattre
Claude,Roy,91.06.02-693.75,1991-06-02,32,Male,18-41,Lebrun,Claude Roy
Juliette,Chevallier,57.11.14-883.79,1957-11-14,66,Male,46-112,Dumas,Juliette Chevallier
David,Noël,85.04.05-385.55,1985-04-05,38,Male,18-41,Menard gregoire sarl,David Noël
Julien,Becker,66.07.25-387.14,1966-07-25,57,Male,46-112,Pottier voisin et fils,Julien Becker
Jean,Letellier,67.01.22-735.94,1967-01-22,57,Male,46-112,Chevalier et fils,Jean Letellier
Françoise,Navarro,53.10.31-616.42,1953-10-31,70,Female,46-112,Lebreton,Françoise Navarro
Robert,Bonneau,75.07.21-297.92,1975-07-21,48,Male,46-112,Evrard thibault s a r l,Robert Bonneau
Dominique,Carpentier,61.08.19-884.41,1961-08-19,62,Female,46-112,Philippe prevost sa,Dominique Carpentier
Thomas,Benoit,79.12.15-251.77,1979-12-15,44,Male,42-45,Poulain turpin s a s,Thomas Benoit
Marcel,Menard,47.12.17-808.00,1947-12-17,76,Female,46-112,Gros et fils,Marcel Menard
Roger,Leleu,47.04.07-331.24,1947-04-07,76,Male,46-112,Letellier,Roger Leleu
Pierre,Prévost,76.04.17-156.94,1976-04-17,47,Female,46-112,Laurent,Pierre Prévost
Alix,Huet,57.11.26-690.55,1957-11-26,66,Female,46-112,Clement lambert s a r l,Alix Huet
Xavier,Bouvet,84.11.20-547.24,1984-11-20,39,Male,18-41,Pierre briand s a s,Xavier Bouvet
André,Durand,65.10.30-661.18,1965-10-30,58,Male,46-112,Barre,André Durand
Isabelle,Masse,86.09.18-874.12,1986-09-18,37,Female,18-41,Blanchard pruvost s a r l,Isabelle Masse
Henri,Potier,96.01.10-318.26,1996-01-10,28,Female,18-41,Munoz,Henri Potier
Christine,Breton,90.10.01-397.99,1990-10-01,33,Male,18-41,Lemonnier,Christine Breton
Joseph,Gaillard,49.07.07-140.72,1949-07-07,74,Female,46-112,Fournier,Joseph Gaillard
Thibault,David,95.07.11-038.44,1995-07-11,28,Female,18-41,Lopez,Thibault David
Luce,Jean,48.08.01-302.54,1948-08-01,75,Female,46-112,Denis et fils,Luce Jean
Michelle,Bourdon,65.01.17-271.03,1965-01-17,59,Male,46-112,Laroche et fils,Michelle Bourdon
Laure,Dubois,50.07.26-633.35,1950-07-26,73,Male,46-112,Brunel s a r l,Laure Dubois
Margaux,Da Costa,81.08.11-144.32,1981-08-11,42,Female,18-41,Gilles,Margaux Da Costa
Olivier,Robert,82.01.15-998.18,1982-01-15,42,Female,18-41,Paul s a r l,Olivier Robert
Geneviève,Moreau,57.01.31-384.73,1957-01-31,67,Female,46-112,Aubry humbert et fils,Geneviève Moreau
Bernadette,Bègue,64.10.22-330.25,1964-10-22,59,Female,46-112,Wagner et fils,Bernadette Bègue
Roland,Vaillant,61.06.26-599.53,1961-06-26,62,Male,46-112,Georges,Roland Vaillant
Margot,Lejeune,69.01.29-988.06,1969-01-29,55,Female,46-112,Bonneau chevalier s a s,Margot Lejeune
Édouard,Lombard,64.08.12-398.17,1964-08-12,59,Female,46-112,Aubry,Édouard Lombard
Colette,Boulanger,56.09.20-107.45,1956-09-20,67,Male,46-112,Laporte,Colette Boulanger
Simone,Rocher,85.11.16-779.46,1985-11-16,38,Male,18-41,Mary,Simone Rocher
Maggie,Gérard,90.10.26-746.98,1990-10-26,33,Female,18-41,Leleu valentin sarl,Maggie Gérard
Lucas,Gaudin,51.11.01-442.15,1951-11-01,72,Female,46-112,Mahe sa,Lucas Gaudin
Patricia,Boutin,50.01.29-065.22,1950-01-29,74,Male,46-112,Weber,Patricia Boutin
Émile,Duval,55.11.16-532.62,1955-11-16,68,Female,46-112,Sauvage renaud s a s,Émile Duval
Emmanuel,Tanguy,78.08.27-484.36,1978-08-27,45,Female,42-45,Goncalves,Emmanuel Tanguy
Célina,Masson,69.06.14-887.21,1969-06-14,54,Male,46-112,Pinto girard sa,Célina Masson
Anouk,Lecoq,77.11.28-912.92,1977-11-28,46,Female,42-45,Legros guerin s a,Anouk Lecoq
Alfred,Pruvost,80.10.12-058.24,1980-10-12,43,Female,42-45,Jacquot,Alfred Pruvost
Geneviève,Blot,52.09.14-528.23,1952-09-14,71,Female,46-112,Joseph riviere s a,Geneviève Blot
Honoré,Descamps,57.10.27-577.33,1957-10-27,66,Male,46-112,Roux,Honoré Descamps
Lorraine,Delattre,70.05.29-435.68,1970-05-29,53,Male,46-112,Charles sa,Lorraine Delattre
Élisabeth,Perez,83.09.14-535.64,1983-09-14,40,Male,18-41,Munoz,Élisabeth Perez
Andrée,Benoit,56.11.27-590.81,1956-11-27,67,Female,46-112,Raymond s a r l,Andrée Benoit
Émile,Gaudin,53.05.28-723.69,1953-05-28,70,Male,46-112,Charpentier,Émile Gaudin
Claude,Vasseur,89.03.14-262.32,1989-03-14,34,Female,18-41,Marie,Claude Vasseur
Benoît,Barbier,68.08.18-905.78,1968-08-18,55,Male,46-112,Ferreira,Benoît Barbier
Frédéric,Michel,56.09.07-774.98,1956-09-07,67,Female,46-112,Lagarde laine s a,Frédéric Michel
Timothée,Foucher,60.02.05-463.88,1960-02-05,64,Male,46-112,Blot,Timothée Foucher
Alix,Traore,83.08.01-060.98,1983-08-01,40,Female,18-41,Humbert,Alix Traore
Marguerite,Leduc,51.07.20-617.27,1951-07-20,72,Male,46-112,Charles dufour s a,Marguerite Leduc
Emmanuelle,Simon,93.07.15-262.93,1993-07-15,30,Female,18-41,Gilles s a r l,Emmanuelle Simon
Luce,Duhamel,83.12.20-461.29,1983-12-20,40,Male,18-41,Carpentier sarl,Luce Duhamel
Alexandrie,Renault,82.02.02-442.88,1982-02-02,42,Female,18-41,Lemaitre sarl,Alexandrie Renault
Étienne,Delahaye,50.07.19-880.93,1950-07-19,73,Female,46-112,Renault s a r l,Étienne Delahaye
Caroline,Valette,48.08.05-618.06,1948-08-05,75,Female,46-112,Henry leleu sa,Caroline Valette
Jacqueline,Bazin,97.09.16-815.03,1997-09-16,26,Male,18-41,Humbert sarl,Jacqueline Bazin
Anaïs,Clément,71.09.21-806.53,1971-09-21,52,Female,46-112,Blanchard,Anaïs Clément
Lucie,Pierre,77.12.01-920.27,1977-12-01,46,Female,42-45,Bouvet dubois sa,Lucie Pierre
Charlotte,Descamps,63.06.04-339.56,1963-06-04,60,Male,46-112,Legendre sa,Charlotte Descamps
Grégoire,Lambert,92.06.22-378.50,1992-06-22,31,Female,18-41,Valentin levy s a,Grégoire Lambert
Margaret,Paul,89.09.15-629.51,1989-09-15,34,Male,18-41,Dijoux gaillard s a r l,Margaret Paul
Suzanne,Renault,94.03.01-766.80,1994-03-01,30,Female,18-41,Pasquier,Suzanne Renault
Sophie,Maillot,48.06.24-154.36,1948-06-24,75,Female,46-112,Levy s a s,Sophie Maillot
Paul,Godard,64.03.08-532.72,1964-03-08,59,Female,46-112,Bodin s a r l,Paul Godard
Christelle,Pineau,87.11.23-791.96,1987-11-23,36,Male,18-41,Rolland,Christelle Pineau
Adrienne,Picard,93.01.01-431.08,1993-01-01,31,Male,18-41,Fernandes,Adrienne Picard
Rémy,Barbier,54.06.10-877.31,1954-06-10,69,Male,46-112,Blondel et fils,Rémy Barbier
Juliette,Couturier,57.04.24-876.92,1957-04-24,66,Female,46-112,Lambert diaz s a s,Juliette Couturier
Victor,Girard,57.01.24-238.41,1957-01-24,67,Female,46-112,Blondel,Victor Girard
Maryse,Delahaye,73.10.05-643.87,1973-10-05,50,Male,46-112,Poulain s a r l,Maryse Delahaye
Jérôme,Tessier,67.03.17-191.16,1967-03-17,56,Male,46-112,Leclercq,Jérôme Tessier
Laurent,Louis,71.01.10-699.98,1971-01-10,53,Male,46-112,Vidal sa,Laurent Louis
Émile,Lemaître,95.07.17-214.52,1995-07-17,28,Female,18-41,Maurice,Émile Lemaître
Denise,Prévost,55.11.15-587.79,1955-11-15,68,Male,46-112,Laurent,Denise Prévost
Thibaut,Foucher,95.04.06-631.07,1995-04-06,28,Male,18-41,Bonnet,Thibaut Foucher
Arthur,Lecoq,51.10.22-751.38,1951-10-22,72,Male,46-112,Vasseur,Arthur Lecoq
Manon,Rodriguez,67.07.07-191.22,1967-07-07,56,Male,46-112,Le gall,Manon Rodriguez
Thérèse,Pages,51.08.14-884.27,1951-08-14,72,Female,46-112,Bigot breton s a s,Thérèse Pages
Corinne,Samson,79.08.30-651.30,1979-08-30,44,Male,42-45,Couturier,Corinne Samson
Hélène,Bonnin,62.05.12-488.27,1962-05-12,61,Female,46-112,Vasseur garcia s a,Hélène Bonnin
Odette,Paris,73.10.02-330.81,1973-10-02,50,Female,46-112,Bourdon masson sa,Odette Paris
Alain,Mendès,91.03.18-111.78,1991-03-18,32,Male,18-41,Marion et fils,Alain Mendès
Thomas,Clerc,98.01.28-386.77,1998-01-28,26,Female,18-41,Gomes s a,Thomas Clerc
Jacques,Bodin,82.04.26-710.51,1982-04-26,41,Female,18-41,Regnier,Jacques Bodin
Claire,Guilbert,84.02.05-334.66,1984-02-05,40,Female,18-41,Georges sarl,Claire Guilbert
Patrick,Blanc,54.01.27-332.00,1954-01-27,70,Female,46-112,Bruneau,Patrick Blanc
Margaud,Renard,68.05.22-984.34,1968-05-22,55,Female,46-112,Vallet buisson et fils,Margaud Renard
Guy,Lecomte,69.10.12-400.83,1969-10-12,54,Female,46-112,Jacques s a r l,Guy Lecomte
Célina,Loiseau,95.07.09-004.44,1995-07-09,28,Female,18-41,Le gall s a s,Célina Loiseau
Constance,Lagarde,90.05.28-593.15,1990-05-28,33,Male,18-41,Julien,Constance Lagarde
Marianne,Merle,94.01.16-705.29,1994-01-16,30,Male,18-41,Bertin barthelemy s a s,Marianne Merle
Antoinette,Delattre,92.07.29-530.26,1992-07-29,31,Female,18-41,Barre,Antoinette Delattre
Juliette,Caron,72.07.10-820.71,1972-07-10,51,Female,46-112,Joseph lemaitre et fils,Juliette Caron
Anastasie,Joly,79.03.29-967.07,1979-03-29,44,Male,42-45,Gerard,Anastasie Joly
Maurice,Weiss,65.06.07-106.39,1965-06-07,58,Female,46-112,Vidal techer s a,Maurice Weiss
Richard,Hamon,50.01.12-550.58,1950-01-12,74,Female,46-112,Cohen colas sarl,Richard Hamon
Noémi,Vallée,98.09.09-101.92,1998-09-09,25,Male,18-41,Albert,Noémi Vallée
Noémi,Michel,62.04.22-811.34,1962-04-22,61,Male,46-112,Pineau hamon sa,Noémi Michel
Édouard,Seguin,76.02.05-747.60,1976-02-05,48,Male,46-112,Girard,Édouard Seguin
Théophile,Berger,72.02.13-939.86,1972-02-13,52,Male,46-112,Lemaire collet s a,Théophile Berger
Thierry,Maréchal,82.05.04-534.91,1982-05-04,41,Female,18-41,Hoarau,Thierry Maréchal
Colette,Diallo,72.04.25-647.35,1972-04-25,51,Male,46-112,Germain et fils,Colette Diallo
Arnaude,Sanchez,98.03.09-338.61,1998-03-09,25,Female,18-41,Faivre sa,Arnaude Sanchez
Louis,Gomes,54.11.29-271.40,1954-11-29,69,Male,46-112,Etienne,Louis Gomes
Odette,Chauvet,88.05.31-946.91,1988-05-31,35,Female,18-41,Ferrand cohen s a s,Odette Chauvet
Colette,Fernandes,63.12.20-969.96,1963-12-20,60,Male,46-112,Richard sa,Colette Fernandes
Hortense,Techer,86.09.30-247.92,1986-09-30,37,Male,18-41,Fabre,Hortense Techer
Astrid,Clerc,88.06.06-640.78,1988-06-06,35,Female,18-41,Besson sa,Astrid Clerc
Colette,Couturier,97.05.03-198.09,1997-05-03,26,Female,18-41,Toussaint sa,Colette Couturier
Simone,Martinez,49.06.17-356.93,1949-06-17,74,Female,46-112,Morel s a,Simone Martinez
Virginie,Perret,51.09.28-300.40,1951-09-28,72,Female,46-112,Buisson,Virginie Perret
Georges,Dumont,73.08.09-391.26,1973-08-09,50,Male,46-112,Verdier,Georges Dumont
Nicole,Boyer,55.02.20-452.71,1955-02-20,69,Female,46-112,Lebreton s a r l,Nicole Boyer
Sabine,Hamon,90.02.07-969.64,1990-02-07,34,Male,18-41,Morel sa,Sabine Hamon
Marthe,Germain,64.06.16-976.82,1964-06-16,59,Female,46-112,Bonnin,Marthe Germain
Amélie,Delattre,71.01.17-230.35,1971-01-17,53,Female,46-112,Chauveau,Amélie Delattre
Colette,Durand,82.12.17-380.85,1982-12-17,41,Female,18-41,Lacroix,Colette Durand
Alexandre,Rossi,88.02.19-299.05,1988-02-19,36,Male,18-41,Gaillard,Alexandre Rossi
Laure,Morvan,85.01.11-189.86,1985-01-11,39,Male,18-41,Benoit valette s a r l,Laure Morvan
Sophie,Poirier,83.07.25-187.68,1983-07-25,40,Male,18-41,Gilles,Sophie Poirier
Agathe,Bouvet,80.12.11-262.76,1980-12-11,43,Female,42-45,Reynaud,Agathe Bouvet
Alain,Thomas,71.06.23-780.09,1971-06-23,52,Female,46-112,Faure,Alain Thomas
Monique,Pichon,53.05.05-528.17,1953-05-05,70,Female,46-112,Jourdan,Monique Pichon
Noël,Marques,78.12.18-582.02,1978-12-18,45,Female,42-45,Verdier,Noël Marques
Colette,Bruneau,54.07.07-936.83,1954-07-07,69,Female,46-112,Gilles s a r l,Colette Bruneau
Marguerite,Bertin,90.04.13-794.14,1990-04-13,33,Female,18-41,Gilbert,Marguerite Bertin
Adrien,Garcia,55.10.07-515.00,1955-10-07,68,Male,46-112,Gaudin,Adrien Garcia
Valentine,Fournier,52.01.30-765.04,1952-01-30,72,Male,46-112,Tanguy,Valentine Fournier
Valentine,Nguyen,96.08.21-178.91,1996-08-21,27,Female,18-41,Martineau mahe s a r l,Valentine Nguyen
Élodie,Marty,74.12.27-821.80,1974-12-27,49,Male,46-112,Delmas,Élodie Marty
Valentine,Lebreton,72.04.22-211.27,1972-04-22,51,Male,46-112,Cohen,Valentine Lebreton
Andrée,Collin,96.09.30-215.17,1996-09-30,27,Male,18-41,Bonneau besnard s a s,Andrée Collin
Alexandre,Roussel,51.06.03-096.25,1951-06-03,72,Female,46-112,Fernandez sarl,Alexandre Roussel
Odette,Descamps,65.08.19-183.18,1965-08-19,58,Male,46-112,Lemaire,Odette Descamps
Susan,Dupont,72.02.24-992.17,1972-02-24,52,Female,46-112,Bouchet,Susan Dupont
Alexandria,Guillaume,66.02.19-640.46,1966-02-19,58,Female,46-112,Pinto pichon et fils,Alexandria Guillaume
Bertrand,Fernandez,98.07.07-142.38,1998-07-07,25,Female,18-41,Courtois,Bertrand Fernandez
Michèle,Pereira,92.10.20-278.83,1992-10-20,31,Female,18-41,Dijoux sa,Michèle Pereira
Laure,Morel,71.02.10-496.84,1971-02-10,53,Female,46-112,Ramos,Laure Morel
Alexandrie,Leblanc,77.07.16-201.66,1977-07-16,46,Male,42-45,Boucher,Alexandrie Leblanc
Claire,Lenoir,65.10.14-395.07,1965-10-14,58,Male,46-112,Delmas s a,Claire Lenoir
Élise,Lecoq,68.03.25-435.83,1968-03-25,55,Male,46-112,Prevost sa,Élise Lecoq
Céline,Allard,52.03.06-010.22,1952-03-06,71,Female,46-112,Jean,Céline Allard
Grégoire,Weiss,56.04.28-052.61,1956-04-28,67,Female,46-112,Vallee et fils,Grégoire Weiss
Julie,Pierre,47.12.01-486.22,1947-12-01,76,Female,46-112,Caron,Julie Pierre
Éléonore,Albert,63.09.16-171.34,1963-09-16,60,Male,46-112,Lefort,Éléonore Albert
Élisabeth,Schneider,64.05.15-865.30,1964-05-15,59,Male,46-112,Faivre s a s,Élisabeth Schneider
Simone,Lopes,62.05.08-367.50,1962-05-08,61,Male,46-112,Martins et fils,Simone Lopes
Hugues,Colas,83.09.23-015.27,1983-09-23,40,Male,18-41,Guillot,Hugues Colas
Émilie,Lagarde,82.04.07-361.87,1982-04-07,41,Male,18-41,Bernard,Émilie Lagarde
Emmanuelle,Marty,53.03.13-852.44,1953-03-13,70,Female,46-112,Munoz morvan s a,Emmanuelle Marty
Lucie,Meyer,47.12.18-785.70,1947-12-18,76,Male,46-112,Torres,Lucie Meyer
Raymond,Labbé,97.07.06-305.03,1997-07-06,26,Male,18-41,Alves,Raymond Labbé
Bernard,Ramos,82.08.26-864.41,1982-08-26,41,Female,18-41,Mahe,Bernard Ramos
Aurélie,Klein,71.01.10-821.00,1971-01-10,53,Male,46-112,Bourgeois s a,Aurélie Klein
Charles,Alves,82.03.29-956.99,1982-03-29,41,Female,18-41,Fernandes,Charles Alves
Marianne,Rocher,47.04.14-043.15,1947-04-14,76,Male,46-112,Leger sarl,Marianne Rocher
Benjamin,Wagner,62.09.26-074.87,1962-09-26,61,Female,46-112,Lopes,Benjamin Wagner
Océane,Vallet,91.04.19-254.55,1991-04-19,32,Female,18-41,Gerard,Océane Vallet
Benoît,Martins,70.03.17-233.52,1970-03-17,53,Male,46-112,Alves,Benoît Martins
Eugène,Gilles,51.07.28-270.60,1951-07-28,72,Female,46-112,Huet sarl,Eugène Gilles
Olivie,Georges,81.09.07-863.80,1981-09-07,42,Male,18-41,Paul et fils,Olivie Georges
Alexandria,Blondel,79.01.18-612.50,1979-01-18,45,Female,42-45,Guillou,Alexandria Blondel
Lucie,Diaz,91.09.01-165.33,1991-09-01,32,Male,18-41,Boutin,Lucie Diaz
Guy,Rémy,85.12.01-002.69,1985-12-01,38,Female,18-41,Nguyen,Guy Rémy
Anaïs,Tessier,82.09.13-091.24,1982-09-13,41,Male,18-41,Carlier,Anaïs Tessier
Marcel,Le Gall,80.11.04-168.42,1980-11-04,43,Female,42-45,Pasquier sarl,Marcel Le Gall
Hortense,Dijoux,94.01.15-219.57,1994-01-15,30,Male,18-41,Letellier,Hortense Dijoux
Sylvie,Gonzalez,49.02.03-311.19,1949-02-03,75,Male,46-112,Blondel s a,Sylvie Gonzalez
Margaux,Benard,67.12.09-399.75,1967-12-09,56,Male,46-112,Perrin,Margaux Benard
Antoine,Marchand,80.12.05-229.50,1980-12-05,43,Male,42-45,Schneider gautier sa,Antoine Marchand
Suzanne,Georges,86.12.10-115.05,1986-12-10,37,Male,18-41,Lemaire,Suzanne Georges
Laurence,Schneider,54.07.30-263.68,1954-07-30,69,Male,46-112,Marchand,Laurence Schneider
Vincent,Fournier,63.02.21-073.45,1963-02-21,61,Male,46-112,Grondin didier s a,Vincent Fournier
Claude,Rousset,46.04.24-923.53,1946-04-24,77,Male,46-112,Herve,Claude Rousset
Agnès,Ollivier,50.01.27-334.35,1950-01-27,74,Female,46-112,Bourgeois,Agnès Ollivier
Élisabeth,Fournier,56.09.21-659.70,1956-09-21,67,Male,46-112,Leroy s a,Élisabeth Fournier
Alex,Rocher,53.07.21-540.70,1953-07-21,70,Female,46-112,Perrin michaud s a s,Alex Rocher
Joseph,Hamon,64.11.22-175.47,1964-11-22,59,Male,46-112,Pruvost,Joseph Hamon
Christine,Bertrand,95.04.13-452.87,1995-04-13,28,Female,18-41,Philippe,Christine Bertrand
Manon,Ribeiro,48.11.20-900.07,1948-11-20,75,Female,46-112,Laine et fils,Manon Ribeiro
Édith,Daniel,86.11.27-308.73,1986-11-27,37,Female,18-41,Pages,Édith Daniel
Victor,Torres,77.01.02-349.74,1977-01-02,47,Male,46-112,Picard s a r l,Victor Torres
Charles,Barbier,86.02.14-907.57,1986-02-14,38,Male,18-41,Monnier,Charles Barbier
Paul,Boulay,59.06.01-816.46,1959-06-01,64,Female,46-112,Jacques,Paul Boulay
Élodie,Delannoy,68.04.05-849.50,1968-04-05,55,Male,46-112,Joseph bazin s a,Élodie Delannoy
François,Mallet,91.09.15-796.76,1991-09-15,32,Female,18-41,Guillou,François Mallet
Alice,Michaud,82.06.08-602.50,1982-06-08,41,Female,18-41,Lucas,Alice Michaud
Suzanne,Blanchet,96.07.01-900.10,1996-07-01,27,Female,18-41,Marchal,Suzanne Blanchet
William,Dupont,83.06.09-180.77,1983-06-09,40,Female,18-41,Muller sa,William Dupont
Suzanne,Schneider,86.11.19-035.10,1986-11-19,37,Male,18-41,Gaillard,Suzanne Schneider
Valentine,Payet,59.03.13-648.11,1959-03-13,64,Female,46-112,Brunel adam sa,Valentine Payet
Grégoire,Lévêque,54.04.07-320.26,1954-04-07,69,Female,46-112,Langlois s a r l,Grégoire Lévêque
Nath,Langlois,82.10.21-107.04,1982-10-21,41,Male,18-41,Clerc,Nath Langlois
Susanne,Gilles,85.01.11-021.05,1985-01-11,39,Male,18-41,Becker,Susanne Gilles
Émilie,Coste,53.02.09-987.89,1953-02-09,71,Male,46-112,Marty et fils,Émilie Coste
Roland,Meyer,75.04.30-421.25,1975-04-30,48,Male,46-112,Hebert,Roland Meyer
Antoinette,Laine,49.04.07-503.03,1949-04-07,74,Male,46-112,Seguin s a s,Antoinette Laine
Josette,Bigot,85.03.31-665.41,1985-03-31,38,Male,18-41,Mallet costa sa,Josette Bigot
Susanne,Guérin,94.10.14-307.52,1994-10-14,29,Male,18-41,Menard,Susanne Guérin
Manon,Weiss,75.06.09-733.65,1975-06-09,48,Male,46-112,Martin,Manon Weiss
Emmanuelle,Gimenez,82.10.31-112.12,1982-10-31,41,Female,18-41,Lesage leleu s a r l,Emmanuelle Gimenez
Philippe,Berger,61.06.24-057.30,1961-06-24,62,Male,46-112,Lambert sa,Philippe Berger
Laure,Marques,84.04.27-379.28,1984-04-27,39,Male,18-41,Dupre s a r l,Laure Marques
Bertrand,Laurent,53.03.03-610.02,1953-03-03,70,Female,46-112,Sauvage,Bertrand Laurent
Valérie,Hubert,79.03.31-423.57,1979-03-31,44,Male,42-45,Texier,Valérie Hubert
Élisabeth,Gay,71.06.02-328.01,1971-06-02,52,Female,46-112,Gerard,Élisabeth Gay
Adrien,Pierre,72.04.26-714.52,1972-04-26,51,Female,46-112,Gimenez,Adrien Pierre
Grégoire,Boucher,55.06.11-361.57,1955-06-11,68,Male,46-112,Francois s a,Grégoire Boucher
Célina,Joubert,88.10.15-947.53,1988-10-15,35,Male,18-41,Blondel,Célina Joubert
Marianne,Bernard,91.07.14-000.39,1991-07-14,32,Female,18-41,Lenoir,Marianne Bernard
Capucine,Marchal,46.04.11-764.40,1946-04-11,77,Female,46-112,Blanchet,Capucine Marchal
Marine,Fernandes,78.05.07-354.82,1978-05-07,45,Female,42-45,Michel sa,Marine Fernandes
Zacharie,Lamy,54.03.17-573.34,1954-03-17,69,Male,46-112,Briand,Zacharie Lamy
Philippe,Gilles,87.09.10-571.49,1987-09-10,36,Male,18-41,Nicolas,Philippe Gilles
Arthur,Renault,91.10.19-777.00,1991-10-19,32,Male,18-41,Lacroix,Arthur Renault
Claude,Delaunay,83.04.05-805.48,1983-04-05,40,Male,18-41,Bailly,Claude Delaunay
Hortense,Bouvet,88.04.01-004.72,1988-04-01,35,Female,18-41,Hoareau pineau sarl,Hortense Bouvet
Madeleine,Joly,60.06.17-605.87,1960-06-17,63,Male,46-112,Duhamel richard s a,Madeleine Joly
Tristan,Mathieu,67.02.23-759.19,1967-02-23,57,Male,46-112,Gonzalez fleury et fils,Tristan Mathieu
Stéphanie,Pires,62.04.07-462.46,1962-04-07,61,Female,46-112,Blanchard,Stéphanie Pires
Sébastien,Morvan,55.09.14-413.98,1955-09-14,68,Male,46-112,Chauvin s a,Sébastien Morvan
Inès,Huet,86.04.12-968.12,1986-04-12,37,Female,18-41,Traore sarl,Inès Huet
Margaux,Carre,85.11.26-938.03,1985-11-26,38,Female,18-41,Antoine sarl,Margaux Carre
Rémy,Mallet,92.09.10-275.55,1992-09-10,31,Male,18-41,Arnaud s a s,Rémy Mallet
Virginie,Lemaire,61.05.27-818.68,1961-05-27,62,Female,46-112,Perrot s a r l,Virginie Lemaire
Nathalie,Arnaud,79.03.27-048.09,1979-03-27,44,Female,42-45,Leleu,Nathalie Arnaud
Édouard,Bruneau,56.09.09-064.37,1956-09-09,67,Female,46-112,Guillot sarl,Édouard Bruneau
Thibault,Barre,97.06.03-995.47,1997-06-03,26,Male,18-41,Durand s a s,Thibault Barre
Brigitte,Boucher,59.01.24-668.53,1959-01-24,65,Female,46-112,Paris s a s,Brigitte Boucher
Marine,Neveu,71.10.12-188.46,1971-10-12,52,Female,46-112,Jacob,Marine Neveu
Brigitte,Faivre,62.05.03-297.72,1962-05-03,61,Male,46-112,Legendre et fils,Brigitte Faivre
Charlotte,Pruvost,76.10.11-286.93,1976-10-11,47,Female,46-112,Laroche s a s,Charlotte Pruvost
Colette,Lopez,98.05.31-382.62,1998-05-31,25,Female,18-41,Caron sa,Colette Lopez
Étienne,Millet,71.05.05-152.95,1971-05-05,52,Female,46-112,Lemaire,Étienne Millet
Benjamin,Martin,90.12.11-290.46,1990-12-11,33,Female,18-41,Alexandre,Benjamin Martin
Charles,Laurent,97.06.30-698.33,1997-06-30,26,Female,18-41,Chartier,Charles Laurent
Antoine,Olivier,57.07.24-245.20,1957-07-24,66,Male,46-112,Levy,Antoine Olivier
Christelle,Texier,77.08.26-908.94,1977-08-26,46,Female,42-45,Guibert sarl,Christelle Texier
Constance,Brunet,98.07.09-948.59,1998-07-09,25,Female,18-41,Gregoire,Constance Brunet
Éric,Delannoy,82.07.23-323.64,1982-07-23,41,Male,18-41,Girard,Éric Delannoy
Dorothée,Bertrand,70.05.07-585.90,1970-05-07,53,Male,46-112,Laurent,Dorothée Bertrand
Amélie,Bouvier,94.08.25-792.20,1994-08-25,29,Female,18-41,Le gall sarl,Amélie Bouvier
Henri,Barre,58.08.11-392.29,1958-08-11,65,Female,46-112,Schneider fabre sa,Henri Barre
Pauline,Gautier,51.12.12-596.65,1951-12-12,72,Female,46-112,Albert,Pauline Gautier
Marcelle,Riou,80.07.24-787.37,1980-07-24,43,Male,42-45,Riou sarl,Marcelle Riou
Victor,Sanchez,46.04.11-444.91,1946-04-11,77,Female,46-112,Boyer,Victor Sanchez
Bertrand,Huet,49.04.09-883.75,1949-04-09,74,Male,46-112,Brunet,Bertrand Huet
Bernadette,Poulain,88.04.11-900.11,1988-04-11,35,Female,18-41,Fabre,Bernadette Poulain
Xavier,Lambert,56.02.24-694.63,1956-02-24,68,Female,46-112,Marchal,Xavier Lambert
Alphonse,Sanchez,77.09.03-032.48,1977-09-03,46,Female,42-45,Buisson s a,Alphonse Sanchez
Anaïs,Rousseau,80.11.28-555.40,1980-11-28,43,Male,42-45,Bernier,Anaïs Rousseau
Victor,Gallet,73.03.23-767.50,1973-03-23,50,Male,46-112,Thierry s a s,Victor Gallet
Victor,Delahaye,62.11.15-589.38,1962-11-15,61,Male,46-112,Dupont,Victor Delahaye
Élisabeth,Gilles,65.01.18-183.26,1965-01-18,59,Male,46-112,Philippe,Élisabeth Gilles
Gilbert,Reynaud,55.12.29-460.77,1955-12-29,68,Female,46-112,Roussel dupuy et fils,Gilbert Reynaud
Marcel,Rossi,50.09.03-605.62,1950-09-03,73,Male,46-112,Vincent sa,Marcel Rossi
Brigitte,Delaunay,53.08.22-929.55,1953-08-22,70,Male,46-112,Denis,Brigitte Delaunay
Louise,Cohen,63.12.30-569.94,1963-12-30,60,Male,46-112,Renault,Louise Cohen
Jeanne,Gilbert,80.09.15-250.07,1980-09-15,43,Female,42-45,Colin,Jeanne Gilbert
Jules,Roussel,63.08.07-299.65,1963-08-07,60,Male,46-112,Delmas s a r l,Jules Roussel
Jérôme,Da Costa,59.03.15-576.52,1959-03-15,64,Female,46-112,Briand chevalier s a r l,Jérôme Da Costa
Lucas,Pottier,55.09.11-863.44,1955-09-11,68,Male,46-112,Moulin sa,Lucas Pottier
Laetitia,Petit,55.05.26-381.22,1955-05-26,68,Male,46-112,Giraud sarl,Laetitia Petit
Martine,Bazin,61.08.14-037.82,1961-08-14,62,Male,46-112,Clement s a s,Martine Bazin
François,Reynaud,67.01.21-701.96,1967-01-21,57,Male,46-112,Allard,François Reynaud
Christophe,Lévy,77.07.27-663.28,1977-07-27,46,Male,42-45,Maurice,Christophe Lévy
Christophe,Boyer,87.02.20-352.22,1987-02-20,37,Female,18-41,Blondel,Christophe Boyer
Odette,Pascal,60.06.27-016.99,1960-06-27,63,Female,46-112,Laporte aubry s a,Odette Pascal
Aimé,Rémy,92.03.24-936.16,1992-03-24,31,Female,18-41,Collet s a s,Aimé Rémy
Raymond,Mathieu,90.07.19-022.89,1990-07-19,33,Female,18-41,Jacob schneider sa,Raymond Mathieu
Aimé,Letellier,49.01.20-972.81,1949-01-20,75,Female,46-112,Chevallier leblanc sa,Aimé Letellier
Honoré,Delattre,58.08.23-116.16,1958-08-23,65,Female,46-112,Albert s a r l,Honoré Delattre
Luce,Toussaint,90.11.03-840.20,1990-11-03,33,Female,18-41,Traore baudry s a,Luce Toussaint
Richard,Hoareau,79.09.09-971.42,1979-09-09,44,Male,42-45,Gallet,Richard Hoareau
Thierry,Sauvage,94.03.29-356.44,1994-03-29,29,Female,18-41,Vasseur sarl,Thierry Sauvage
Aurore,Dumas,96.11.27-348.78,1996-11-27,27,Female,18-41,Marin sarl,Aurore Dumas
Cécile,Roche,51.04.05-852.94,1951-04-05,72,Female,46-112,Weiss,Cécile Roche
Jacqueline,Pruvost,64.11.05-687.54,1964-11-05,59,Male,46-112,Chauvet roche et fils,Jacqueline Pruvost
Patrick,Bouvet,86.12.05-517.91,1986-12-05,37,Male,18-41,Blondel vallee s a s,Patrick Bouvet
Pauline,Albert,50.09.06-649.61,1950-09-06,73,Male,46-112,Fouquet martel sa,Pauline Albert
Roland,Nguyen,63.08.18-829.38,1963-08-18,60,Male,46-112,Cohen s a r l,Roland Nguyen
Dorothée,Boulay,98.04.25-267.78,1998-04-25,25,Male,18-41,Leger s a s,Dorothée Boulay
Nathalie,Louis,89.03.16-275.48,1989-03-16,34,Male,18-41,Marty,Nathalie Louis
Hélène,Legros,97.01.29-238.36,1997-01-29,27,Female,18-41,Vallet,Hélène Legros
Bertrand,Lelièvre,84.08.26-716.78,1984-08-26,39,Female,18-41,Clement,Bertrand Lelièvre
Philippine,Martineau,93.06.17-153.38,1993-06-17,30,Male,18-41,Tessier lamy sarl,Philippine Martineau
Louise,Marin,56.09.27-580.92,1956-09-27,67,Female,46-112,Leger,Louise Marin
Inès,Fouquet,53.08.12-895.17,1953-08-12,70,Male,46-112,Gerard,Inès Fouquet
Denise,Charrier,96.05.30-948.35,1996-05-30,27,Female,18-41,Carpentier,Denise Charrier
Eugène,Wagner,79.11.16-689.37,1979-11-16,44,Male,42-45,Foucher hamon sarl,Eugène Wagner
Timothée,Mathieu,56.07.24-104.11,1956-07-24,67,Female,46-112,Pascal ferrand s a r l,Timothée Mathieu
Gilbert,Martel,70.04.16-201.07,1970-04-16,53,Male,46-112,Gimenez,Gilbert Martel
Andrée,Fischer,86.01.25-671.22,1986-01-25,38,Male,18-41,Delannoy s a,Andrée Fischer
Claudine,Richard,66.12.19-016.05,1966-12-19,57,Female,46-112,Lambert,Claudine Richard
Marcelle,Vallet,50.10.05-505.41,1950-10-05,73,Male,46-112,Fabre,Marcelle Vallet
Diane,Gilles,50.11.13-893.19,1950-11-13,73,Male,46-112,Lebreton sarl,Diane Gilles
Emmanuelle,Breton,84.06.27-191.08,1984-06-27,39,Male,18-41,Julien s a s,Emmanuelle Breton
Manon,Clerc,63.11.20-550.47,1963-11-20,60,Female,46-112,Pinto,Manon Clerc
Matthieu,Maillet,92.09.20-406.42,1992-09-20,31,Female,18-41,Faure et fils,Matthieu Maillet
Nathalie,Da Costa,56.07.15-016.99,1956-07-15,67,Female,46-112,Garcia sanchez sa,Nathalie Da Costa
Luc,Leclerc,57.06.19-579.82,1957-06-19,66,Male,46-112,Le gall,Luc Leclerc
Timothée,Perret,86.02.27-754.46,1986-02-27,38,Female,18-41,Lecomte benoit s a r l,Timothée Perret
Arnaude,Diallo,91.03.03-439.65,1991-03-03,32,Male,18-41,Thomas,Arnaude Diallo
Noël,Pons,79.08.12-618.06,1979-08-12,44,Female,42-45,Perret s a r l,Noël Pons
Simone,Boulanger,63.05.08-552.91,1963-05-08,60,Female,46-112,Marechal,Simone Boulanger
Raymond,Vallet,59.05.04-975.68,1959-05-04,64,Male,46-112,Maillot,Raymond Vallet
Élodie,Dias,48.05.17-856.80,1948-05-17,75,Female,46-112,Launay,Élodie Dias
Clémence,Parent,86.03.13-387.88,1986-03-13,37,Male,18-41,Blin etienne sa,Clémence Parent
Marguerite,Vidal,75.03.21-957.59,1975-03-21,48,Male,46-112,Gilles,Marguerite Vidal
Arthur,Renaud,79.11.22-454.99,1979-11-22,44,Female,42-45,Jacquet allain s a s,Arthur Renaud
Jean,Aubert,94.11.05-228.91,1994-11-05,29,Female,18-41,Moreno,Jean Aubert
Amélie,Delorme,67.10.25-922.03,1967-10-25,56,Female,46-112,Nguyen,Amélie Delorme
Denis,Verdier,70.10.17-700.52,1970-10-17,53,Female,46-112,Boulay,Denis Verdier
Henri,Léger,56.03.07-112.56,1956-03-07,67,Female,46-112,Gros s a r l,Henri Léger
Renée,Verdier,59.05.21-930.46,1959-05-21,64,Female,46-112,Guillaume martel s a,Renée Verdier
Thérèse,Albert,82.12.19-392.22,1982-12-19,41,Female,18-41,Legros,Thérèse Albert
Emmanuel,Wagner,80.04.13-873.83,1980-04-13,43,Male,42-45,Dubois s a,Emmanuel Wagner
Anne,Grondin,77.02.06-710.99,1977-02-06,47,Female,46-112,Pascal loiseau s a r l,Anne Grondin
Alexandre,Maury,53.12.22-660.41,1953-12-22,70,Female,46-112,Sauvage sarl,Alexandre Maury
Thibault,Le Gall,56.10.13-758.82,1956-10-13,67,Female,46-112,Briand sarl,Thibault Le Gall
Juliette,Renault,72.01.21-375.07,1972-01-21,52,Male,46-112,Tessier,Juliette Renault
Anne,Carpentier,82.05.28-378.23,1982-05-28,41,Female,18-41,Lemoine sa,Anne Carpentier
Anaïs,Martins,47.10.02-220.99,1947-10-02,76,Female,46-112,Dumont s a r l,Anaïs Martins
Emmanuel,Guillot,46.06.11-013.76,1946-06-11,77,Male,46-112,Traore sa,Emmanuel Guillot
Marine,Loiseau,80.04.10-811.30,1980-04-10,43,Male,42-45,Becker s a s,Marine Loiseau
Gérard,Lebreton,88.06.16-041.36,1988-06-16,35,Male,18-41,Brunet hoarau s a s,Gérard Lebreton
Agnès,Auger,68.07.03-495.53,1968-07-03,55,Male,46-112,Ferrand delaunay sarl,Agnès Auger
Philippine,Peltier,48.06.27-788.72,1948-06-27,75,Female,46-112,Meyer,Philippine Peltier
Roland,Robert,55.06.18-257.04,1955-06-18,68,Male,46-112,Dos santos petit s a,Roland Robert
Grégoire,Costa,59.01.25-969.72,1959-01-25,65,Male,46-112,Albert s a r l,Grégoire Costa
Laetitia,Marchand,61.04.15-460.92,1961-04-15,62,Female,46-112,Laporte,Laetitia Marchand
Paul,Louis,91.06.27-020.29,1991-06-27,32,Female,18-41,Mary roger s a s,Paul Louis
Jacqueline,Reynaud,94.11.19-115.36,1994-11-19,29,Male,18-41,Wagner,Jacqueline Reynaud
Joseph,Reynaud,80.09.17-534.09,1980-09-17,43,Female,42-45,Brunet normand et fils,Joseph Reynaud
Marie,Rodriguez,67.02.13-482.23,1967-02-13,57,Female,46-112,Thibault,Marie Rodriguez
Hélène,Duhamel,59.05.15-799.13,1959-05-15,64,Male,46-112,Hubert et fils,Hélène Duhamel
Benoît,Rodriguez,98.09.12-850.71,1998-09-12,25,Female,18-41,Couturier s a,Benoît Rodriguez
Adèle,Marchand,71.10.22-654.00,1971-10-22,52,Female,46-112,Jacquot,Adèle Marchand
Yves,Grenier,61.03.10-560.64,1961-03-10,62,Female,46-112,Rossi,Yves Grenier
Thérèse,Clerc,61.10.16-350.54,1961-10-16,62,Female,46-112,Lopez,Thérèse Clerc
Michèle,Diallo,52.02.08-750.75,1952-02-08,72,Female,46-112,Delorme,Michèle Diallo
Jeanne,Martel,71.01.22-620.52,1971-01-22,53,Female,46-112,Lebrun leblanc sarl,Jeanne Martel
Thibaut,Boutin,89.10.03-611.90,1989-10-03,34,Male,18-41,Maillot,Thibaut Boutin
Renée,Jourdan,83.09.06-496.04,1983-09-06,40,Female,18-41,Paris,Renée Jourdan
Charles,Vallet,49.09.19-561.93,1949-09-19,74,Male,46-112,Lacroix humbert s a,Charles Vallet
Marie,Pierre,66.01.02-937.04,1966-01-02,58,Male,46-112,Parent,Marie Pierre
Sylvie,Andre,52.02.03-015.81,1952-02-03,72,Male,46-112,Leclerc et fils,Sylvie Andre
Virginie,Texier,54.02.14-970.18,1954-02-14,70,Female,46-112,Morvan,Virginie Texier
Patrick,Renard,63.08.16-429.03,1963-08-16,60,Male,46-112,Delorme,Patrick Renard
Henriette,Rocher,67.09.20-466.88,1967-09-20,56,Female,46-112,Millet sarl,Henriette Rocher
Victoire,Leblanc,86.04.03-752.35,1986-04-03,37,Female,18-41,Didier,Victoire Leblanc
Marie,Cohen,63.07.07-320.85,1963-07-07,60,Female,46-112,Roux s a,Marie Cohen
Suzanne,Mace,48.07.30-483.85,1948-07-30,75,Male,46-112,Delorme,Suzanne Mace
Michel,Pires,76.11.22-908.74,1976-11-22,47,Female,46-112,Thibault,Michel Pires
Nath,Leduc,57.06.03-593.28,1957-06-03,66,Male,46-112,Collet,Nath Leduc
Juliette,Da Silva,55.10.12-708.23,1955-10-12,68,Female,46-112,Gomez s a r l,Juliette Da Silva
Alexandre,Picard,55.09.02-741.54,1955-09-02,68,Male,46-112,Gosselin,Alexandre Picard
Stéphane,Lambert,96.04.06-271.01,1996-04-06,27,Male,18-41,Brun,Stéphane Lambert
Alice,Martinez,53.01.20-205.51,1953-01-20,71,Male,46-112,Delorme et fils,Alice Martinez
Anastasie,Chauvin,98.04.30-028.68,1998-04-30,25,Female,18-41,Pierre s a r l,Anastasie Chauvin
Raymond,Lebrun,88.03.18-701.35,1988-03-18,35,Male,18-41,Jacob tanguy s a r l,Raymond Lebrun
Catherine,Bernard,58.08.12-143.47,1958-08-12,65,Male,46-112,Robin,Catherine Bernard
Noémi,Voisin,55.05.23-753.55,1955-05-23,68,Male,46-112,Durand prevost sa,Noémi Voisin
Lorraine,Delattre,72.04.21-691.95,1972-04-21,51,Male,46-112,Gaillard descamps s a r l,Lorraine Delattre
Christophe,Turpin,91.06.11-551.86,1991-06-11,32,Male,18-41,Gilles,Christophe Turpin
Nathalie,Aubry,88.03.05-660.89,1988-03-05,35,Female,18-41,Besson,Nathalie Aubry
William,Collet,53.08.11-087.59,1953-08-11,70,Male,46-112,Germain,William Collet
Gabrielle,Jacquet,59.01.28-680.43,1959-01-28,65,Female,46-112,Bertrand fernandes sarl,Gabrielle Jacquet
Maggie,Bigot,96.07.29-645.74,1996-07-29,27,Male,18-41,Besnard ribeiro s a r l,Maggie Bigot
Thibaut,Gomez,70.09.01-957.23,1970-09-01,53,Male,46-112,Verdier evrard s a s,Thibaut Gomez
Danielle,Delattre,49.06.02-260.37,1949-06-02,74,Female,46-112,Mallet,Danielle Delattre
Virginie,Richard,80.04.30-075.61,1980-04-30,43,Male,42-45,Rey godard sa,Virginie Richard
Maggie,Roussel,78.02.08-305.86,1978-02-08,46,Male,42-45,Klein sarl,Maggie Roussel
Anne,Michel,69.02.18-385.71,1969-02-18,55,Male,46-112,Boutin,Anne Michel
Alphonse,Barthelemy,71.05.04-347.29,1971-05-04,52,Male,46-112,Becker sa,Alphonse Barthelemy
Juliette,Carre,50.05.19-107.14,1950-05-19,73,Male,46-112,Vallet,Juliette Carre
Laurence,Dupuy,95.06.10-074.47,1995-06-10,28,Female,18-41,Paris pires s a,Laurence Dupuy
